-- MySQL dump 10.13  Distrib 5.7.22, for Linux (x86_64)
--
-- Host: localhost    Database: elearning
-- ------------------------------------------------------
-- Server version	5.7.22

/*!40101 SET @OLD_CHARACTER_SET_CLIENT=@@CHARACTER_SET_CLIENT */;
/*!40101 SET @OLD_CHARACTER_SET_RESULTS=@@CHARACTER_SET_RESULTS */;
/*!40101 SET @OLD_COLLATION_CONNECTION=@@COLLATION_CONNECTION */;
/*!40101 SET NAMES utf8 */;
/*!40103 SET @OLD_TIME_ZONE=@@TIME_ZONE */;
/*!40103 SET TIME_ZONE='+00:00' */;
/*!40014 SET @OLD_UNIQUE_CHECKS=@@UNIQUE_CHECKS, UNIQUE_CHECKS=0 */;
/*!40014 SET @OLD_FOREIGN_KEY_CHECKS=@@FOREIGN_KEY_CHECKS, FOREIGN_KEY_CHECKS=0 */;
/*!40101 SET @OLD_SQL_MODE=@@SQL_MODE, SQL_MODE='NO_AUTO_VALUE_ON_ZERO' */;
/*!40111 SET @OLD_SQL_NOTES=@@SQL_NOTES, SQL_NOTES=0 */;

--
-- Current Database: `elearning`
--

CREATE DATABASE /*!32312 IF NOT EXISTS*/ `elearning` /*!40100 DEFAULT CHARACTER SET latin1 */;

USE `elearning`;

--
-- Table structure for table `category_rules`
--

DROP TABLE IF EXISTS `category_rules`;
/*!40101 SET @saved_cs_client     = @@character_set_client */;
/*!40101 SET character_set_client = utf8 */;
CREATE TABLE `category_rules` (
  `id` bigint(20) unsigned NOT NULL AUTO_INCREMENT,
  `cat_id1` bigint(20) unsigned NOT NULL,
  `cat_id2` bigint(20) unsigned NOT NULL,
  `weight` double(8,2) NOT NULL DEFAULT '0.00',
  `created_at` timestamp NULL DEFAULT NULL,
  `updated_at` timestamp NULL DEFAULT NULL,
  PRIMARY KEY (`id`),
  KEY `category_rules_cat_id1_foreign` (`cat_id1`),
  KEY `category_rules_cat_id2_foreign` (`cat_id2`),
  CONSTRAINT `category_rules_cat_id1_foreign` FOREIGN KEY (`cat_id1`) REFERENCES `course_categories` (`id`),
  CONSTRAINT `category_rules_cat_id2_foreign` FOREIGN KEY (`cat_id2`) REFERENCES `course_categories` (`id`)
) ENGINE=InnoDB AUTO_INCREMENT=16 DEFAULT CHARSET=utf8mb4 COLLATE=utf8mb4_unicode_ci;
/*!40101 SET character_set_client = @saved_cs_client */;

--
-- Dumping data for table `category_rules`
--

LOCK TABLES `category_rules` WRITE;
/*!40000 ALTER TABLE `category_rules` DISABLE KEYS */;
INSERT INTO `category_rules` VALUES (1,1,4,0.90,NULL,NULL),(2,1,3,0.10,NULL,NULL),(3,1,6,0.90,NULL,NULL),(4,1,5,0.10,NULL,NULL),(5,1,2,0.50,NULL,NULL),(6,4,3,0.10,NULL,NULL),(7,4,6,0.90,NULL,NULL),(8,4,5,0.10,NULL,NULL),(9,4,2,0.50,NULL,NULL),(10,3,6,0.10,NULL,NULL),(11,3,5,0.90,NULL,NULL),(12,3,2,0.50,NULL,NULL),(13,6,5,0.10,NULL,NULL),(14,6,2,0.50,NULL,NULL),(15,5,2,0.10,NULL,NULL);
/*!40000 ALTER TABLE `category_rules` ENABLE KEYS */;
UNLOCK TABLES;

--
-- Table structure for table `configs`
--

DROP TABLE IF EXISTS `configs`;
/*!40101 SET @saved_cs_client     = @@character_set_client */;
/*!40101 SET character_set_client = utf8 */;
CREATE TABLE `configs` (
  `id` bigint(20) unsigned NOT NULL AUTO_INCREMENT,
  `c` double(8,2) NOT NULL DEFAULT '0.20',
  `created_at` timestamp NULL DEFAULT NULL,
  `updated_at` timestamp NULL DEFAULT NULL,
  PRIMARY KEY (`id`)
) ENGINE=InnoDB AUTO_INCREMENT=2 DEFAULT CHARSET=utf8mb4 COLLATE=utf8mb4_unicode_ci;
/*!40101 SET character_set_client = @saved_cs_client */;

--
-- Dumping data for table `configs`
--

LOCK TABLES `configs` WRITE;
/*!40000 ALTER TABLE `configs` DISABLE KEYS */;
INSERT INTO `configs` VALUES (1,0.20,'2020-04-25 03:56:32','2020-04-25 04:02:36');
/*!40000 ALTER TABLE `configs` ENABLE KEYS */;
UNLOCK TABLES;

--
-- Table structure for table `course_categories`
--

DROP TABLE IF EXISTS `course_categories`;
/*!40101 SET @saved_cs_client     = @@character_set_client */;
/*!40101 SET character_set_client = utf8 */;
CREATE TABLE `course_categories` (
  `id` bigint(20) unsigned NOT NULL AUTO_INCREMENT,
  `name` varchar(255) COLLATE utf8mb4_unicode_ci NOT NULL,
  `overview` varchar(255) COLLATE utf8mb4_unicode_ci NOT NULL,
  `thumbnail` varchar(255) COLLATE utf8mb4_unicode_ci DEFAULT NULL,
  `course_category_id` int(11) DEFAULT NULL,
  `created_at` timestamp NULL DEFAULT NULL,
  `updated_at` timestamp NULL DEFAULT NULL,
  PRIMARY KEY (`id`)
) ENGINE=InnoDB AUTO_INCREMENT=7 DEFAULT CHARSET=utf8mb4 COLLATE=utf8mb4_unicode_ci;
/*!40101 SET character_set_client = @saved_cs_client */;

--
-- Dumping data for table `course_categories`
--

LOCK TABLES `course_categories` WRITE;
/*!40000 ALTER TABLE `course_categories` DISABLE KEYS */;
INSERT INTO `course_categories` VALUES (1,'Công nghệ phần mềm','abc',NULL,NULL,NULL,NULL),(2,'Toán học','abc',NULL,NULL,NULL,NULL),(3,'Kinh doanh','abc',NULL,NULL,NULL,NULL),(4,'Khoa học máy tính','abc',NULL,NULL,NULL,NULL),(5,'Ngôn ngữ','abc',NULL,NULL,NULL,NULL),(6,'Mạng và truyền thông','abc',NULL,NULL,NULL,NULL);
/*!40000 ALTER TABLE `course_categories` ENABLE KEYS */;
UNLOCK TABLES;

--
-- Table structure for table `courses`
--

DROP TABLE IF EXISTS `courses`;
/*!40101 SET @saved_cs_client     = @@character_set_client */;
/*!40101 SET character_set_client = utf8 */;
CREATE TABLE `courses` (
  `id` bigint(20) unsigned NOT NULL AUTO_INCREMENT,
  `name` varchar(255) COLLATE utf8mb4_unicode_ci NOT NULL,
  `overview` varchar(255) COLLATE utf8mb4_unicode_ci NOT NULL,
  `price` int(11) NOT NULL DEFAULT '0',
  `level` int(11) NOT NULL DEFAULT '0',
  `rate` int(11) NOT NULL DEFAULT '0',
  `thumbnail` varchar(255) COLLATE utf8mb4_unicode_ci DEFAULT NULL,
  `courses_category_id` bigint(20) unsigned NOT NULL,
  `teacher_id` bigint(20) unsigned NOT NULL,
  `created_at` timestamp NULL DEFAULT NULL,
  `updated_at` timestamp NULL DEFAULT NULL,
  PRIMARY KEY (`id`),
  KEY `courses_courses_category_id_foreign` (`courses_category_id`),
  KEY `courses_teacher_id_foreign` (`teacher_id`),
  CONSTRAINT `courses_courses_category_id_foreign` FOREIGN KEY (`courses_category_id`) REFERENCES `course_categories` (`id`),
  CONSTRAINT `courses_teacher_id_foreign` FOREIGN KEY (`teacher_id`) REFERENCES `teachers` (`id`)
) ENGINE=InnoDB AUTO_INCREMENT=21 DEFAULT CHARSET=utf8mb4 COLLATE=utf8mb4_unicode_ci;
/*!40101 SET character_set_client = @saved_cs_client */;

--
-- Dumping data for table `courses`
--

LOCK TABLES `courses` WRITE;
/*!40000 ALTER TABLE `courses` DISABLE KEYS */;
INSERT INTO `courses` VALUES (1,'Thiết kế giao diện người dùng','Lorem ipsum dolor sit amet, consectetur adipiscing elit. Fusce enim nulla.',0,0,3,NULL,1,2,NULL,NULL),(2,'Kiểm thử và đảm bảo chất lượng phần mềm','Lorem ipsum dolor sit amet, consectetur adipiscing elit. Fusce enim nulla.',0,0,1,NULL,1,2,NULL,NULL),(3,'Kiến trúc phần mềm','Lorem ipsum dolor sit amet, consectetur adipiscing elit. Fusce enim nulla.',0,0,2,NULL,1,2,NULL,NULL),(4,'Phân tích và thiết kế hướng đối tượng','Lorem ipsum dolor sit amet, consectetur adipiscing elit. Fusce enim nulla.',0,0,4,NULL,1,2,NULL,NULL),(5,'Quản lý dự án phần mềm','Lorem ipsum dolor sit amet, consectetur adipiscing elit. Fusce enim nulla.',0,0,2,NULL,1,2,NULL,NULL),(6,'Giải tích','Lorem ipsum dolor sit amet, consectetur adipiscing elit. Fusce enim nulla.',0,0,2,NULL,2,3,NULL,NULL),(7,'Tư duy toán học','Lorem ipsum dolor sit amet, consectetur adipiscing elit. Fusce enim nulla.',0,0,4,NULL,2,3,NULL,NULL),(8,'Đại số tuyến tính','Lorem ipsum dolor sit amet, consectetur adipiscing elit. Fusce enim nulla.',0,0,2,NULL,2,3,NULL,NULL),(9,'Toán ứng dụng','Lorem ipsum dolor sit amet, consectetur adipiscing elit. Fusce enim nulla.',0,0,2,NULL,2,3,NULL,NULL),(10,'Cơ sở kinh doanh','Lorem ipsum dolor sit amet, consectetur adipiscing elit. Fusce enim nulla.',0,0,3,NULL,3,4,NULL,NULL),(11,'Thị trường tài chính','Lorem ipsum dolor sit amet, consectetur adipiscing elit. Fusce enim nulla.',0,0,5,NULL,3,4,NULL,NULL),(12,'Trí tuệ nhân tạo','Lorem ipsum dolor sit amet, consectetur adipiscing elit. Fusce enim nulla.',0,0,3,NULL,4,5,NULL,NULL),(13,'Chương trình dịch','Lorem ipsum dolor sit amet, consectetur adipiscing elit. Fusce enim nulla.',0,0,2,NULL,4,5,NULL,NULL),(14,'Xử lý ảnh','Lorem ipsum dolor sit amet, consectetur adipiscing elit. Fusce enim nulla.',0,0,1,NULL,4,5,NULL,NULL),(15,'Học máy','Lorem ipsum dolor sit amet, consectetur adipiscing elit. Fusce enim nulla.',0,0,3,NULL,4,5,NULL,NULL),(16,'Nhập môn tiếng Nhật','Lorem ipsum dolor sit amet, consectetur adipiscing elit. Fusce enim nulla.',0,0,3,NULL,5,6,NULL,NULL),(17,'Tiếng Anh giao tiếp','Lorem ipsum dolor sit amet, consectetur adipiscing elit. Fusce enim nulla.',0,0,1,NULL,5,6,NULL,NULL),(18,'Lập trình mạng','Lorem ipsum dolor sit amet, consectetur adipiscing elit. Fusce enim nulla.',0,0,4,NULL,6,7,NULL,NULL),(19,'Phát triển ứng dụng Web','Lorem ipsum dolor sit amet, consectetur adipiscing elit. Fusce enim nulla.',0,0,5,NULL,6,7,NULL,NULL),(20,'Quản trị mạng','Lorem ipsum dolor sit amet, consectetur adipiscing elit. Fusce enim nulla.',0,0,1,NULL,6,7,NULL,NULL);
/*!40000 ALTER TABLE `courses` ENABLE KEYS */;
UNLOCK TABLES;

--
-- Table structure for table `enrolls`
--

DROP TABLE IF EXISTS `enrolls`;
/*!40101 SET @saved_cs_client     = @@character_set_client */;
/*!40101 SET character_set_client = utf8 */;
CREATE TABLE `enrolls` (
  `id` bigint(20) unsigned NOT NULL AUTO_INCREMENT,
  `status` int(11) NOT NULL DEFAULT '1',
  `course_id` bigint(20) unsigned NOT NULL,
  `student_id` bigint(20) unsigned NOT NULL,
  `created_at` timestamp NULL DEFAULT NULL,
  `updated_at` timestamp NULL DEFAULT NULL,
  PRIMARY KEY (`id`),
  KEY `enrolls_course_id_foreign` (`course_id`),
  KEY `enrolls_student_id_foreign` (`student_id`),
  CONSTRAINT `enrolls_course_id_foreign` FOREIGN KEY (`course_id`) REFERENCES `courses` (`id`),
  CONSTRAINT `enrolls_student_id_foreign` FOREIGN KEY (`student_id`) REFERENCES `students` (`id`)
) ENGINE=InnoDB AUTO_INCREMENT=1315 DEFAULT CHARSET=utf8mb4 COLLATE=utf8mb4_unicode_ci;
/*!40101 SET character_set_client = @saved_cs_client */;

--
-- Dumping data for table `enrolls`
--

LOCK TABLES `enrolls` WRITE;
/*!40000 ALTER TABLE `enrolls` DISABLE KEYS */;
INSERT INTO `enrolls` VALUES (1,1,5,1,NULL,NULL),(2,1,2,2,NULL,NULL),(3,1,2,3,NULL,NULL),(4,1,2,4,NULL,NULL),(5,1,5,5,NULL,NULL),(6,1,18,6,NULL,NULL),(7,1,18,7,NULL,NULL),(8,1,18,8,NULL,NULL),(9,1,13,9,NULL,NULL),(10,1,19,9,NULL,NULL),(11,1,13,10,NULL,NULL),(12,1,1,11,NULL,NULL),(13,1,13,12,NULL,NULL),(14,1,1,13,NULL,NULL),(15,1,1,14,NULL,NULL),(16,1,1,15,NULL,NULL),(17,1,1,16,NULL,NULL),(18,1,1,17,NULL,NULL),(19,1,13,18,NULL,NULL),(20,1,19,19,NULL,NULL),(21,1,13,20,NULL,NULL),(22,1,13,21,NULL,NULL),(23,1,1,22,NULL,NULL),(24,1,19,23,NULL,NULL),(25,1,19,24,NULL,NULL),(26,1,1,25,NULL,NULL),(27,1,13,8,NULL,NULL),(28,1,19,26,NULL,NULL),(29,1,1,27,NULL,NULL),(30,1,19,28,NULL,NULL),(31,1,13,28,NULL,NULL),(32,1,1,29,NULL,NULL),(33,1,19,30,NULL,NULL),(34,1,1,31,NULL,NULL),(35,1,19,32,NULL,NULL),(36,1,1,32,NULL,NULL),(37,1,1,33,NULL,NULL),(38,1,18,34,NULL,NULL),(39,1,18,23,NULL,NULL),(40,1,18,35,NULL,NULL),(41,1,12,36,NULL,NULL),(42,1,6,37,NULL,NULL),(43,1,10,38,NULL,NULL),(44,1,12,37,NULL,NULL),(45,1,4,12,NULL,NULL),(46,1,5,39,NULL,NULL),(47,1,16,40,NULL,NULL),(48,1,11,41,NULL,NULL),(49,1,7,41,NULL,NULL),(50,1,7,29,NULL,NULL),(51,1,8,29,NULL,NULL),(52,1,8,42,NULL,NULL),(53,1,5,41,NULL,NULL),(54,1,6,29,NULL,NULL),(55,1,8,43,NULL,NULL),(56,1,16,17,NULL,NULL),(57,1,10,17,NULL,NULL),(58,1,4,39,NULL,NULL),(59,1,11,44,NULL,NULL),(60,1,7,36,NULL,NULL),(61,1,9,36,NULL,NULL),(62,1,6,45,NULL,NULL),(63,1,7,25,NULL,NULL),(64,1,17,46,NULL,NULL),(65,1,11,47,NULL,NULL),(66,1,16,47,NULL,NULL),(67,1,14,47,NULL,NULL),(68,1,10,23,NULL,NULL),(69,1,14,48,NULL,NULL),(70,1,4,46,NULL,NULL),(71,1,12,49,NULL,NULL),(72,1,4,49,NULL,NULL),(73,1,10,49,NULL,NULL),(74,1,8,49,NULL,NULL),(75,1,17,49,NULL,NULL),(76,1,16,49,NULL,NULL),(77,1,7,50,NULL,NULL),(78,1,14,51,NULL,NULL),(79,1,6,51,NULL,NULL),(80,1,7,51,NULL,NULL),(81,1,12,51,NULL,NULL),(82,1,8,4,NULL,NULL),(83,1,10,50,NULL,NULL),(84,1,6,50,NULL,NULL),(85,1,6,47,NULL,NULL),(86,1,6,52,NULL,NULL),(87,1,11,5,NULL,NULL),(88,1,10,5,NULL,NULL),(89,1,6,53,NULL,NULL),(90,1,8,54,NULL,NULL),(91,1,10,55,NULL,NULL),(92,1,11,55,NULL,NULL),(93,1,8,56,NULL,NULL),(94,1,6,57,NULL,NULL),(95,1,11,58,NULL,NULL),(96,1,4,59,NULL,NULL),(97,1,16,18,NULL,NULL),(98,1,17,60,NULL,NULL),(99,1,6,60,NULL,NULL),(100,1,14,60,NULL,NULL),(101,1,11,1,NULL,NULL),(102,1,16,61,NULL,NULL),(103,1,17,62,NULL,NULL),(104,1,4,62,NULL,NULL),(105,1,4,44,NULL,NULL),(106,1,12,44,NULL,NULL),(107,1,9,63,NULL,NULL),(108,1,6,64,NULL,NULL),(109,1,7,65,NULL,NULL),(110,1,16,65,NULL,NULL),(111,1,7,66,NULL,NULL),(112,1,4,67,NULL,NULL),(113,1,7,68,NULL,NULL),(114,1,7,69,NULL,NULL),(115,1,4,53,NULL,NULL),(116,1,11,51,NULL,NULL),(117,1,11,33,NULL,NULL),(118,1,6,33,NULL,NULL),(119,1,17,70,NULL,NULL),(120,1,12,30,NULL,NULL),(121,1,12,71,NULL,NULL),(122,1,6,72,NULL,NULL),(123,1,12,61,NULL,NULL),(124,1,6,73,NULL,NULL),(125,1,14,74,NULL,NULL),(126,1,8,74,NULL,NULL),(127,1,10,74,NULL,NULL),(128,1,14,75,NULL,NULL),(129,1,5,75,NULL,NULL),(130,1,8,76,NULL,NULL),(131,1,4,75,NULL,NULL),(132,1,11,74,NULL,NULL),(133,1,17,73,NULL,NULL),(134,1,11,77,NULL,NULL),(135,1,16,44,NULL,NULL),(136,1,4,77,NULL,NULL),(137,1,14,71,NULL,NULL),(138,1,4,61,NULL,NULL),(139,1,5,78,NULL,NULL),(140,1,4,71,NULL,NULL),(141,1,10,71,NULL,NULL),(142,1,14,79,NULL,NULL),(143,1,11,79,NULL,NULL),(144,1,7,79,NULL,NULL),(145,1,4,80,NULL,NULL),(146,1,10,80,NULL,NULL),(147,1,16,80,NULL,NULL),(148,1,5,80,NULL,NULL),(149,1,8,80,NULL,NULL),(150,1,11,17,NULL,NULL),(151,1,17,80,NULL,NULL),(152,1,17,81,NULL,NULL),(153,1,16,82,NULL,NULL),(154,1,5,82,NULL,NULL),(155,1,11,76,NULL,NULL),(156,1,11,57,NULL,NULL),(157,1,7,57,NULL,NULL),(158,1,14,57,NULL,NULL),(159,1,6,83,NULL,NULL),(160,1,7,84,NULL,NULL),(161,1,4,57,NULL,NULL),(162,1,11,85,NULL,NULL),(163,1,9,86,NULL,NULL),(164,1,16,33,NULL,NULL),(165,1,4,87,NULL,NULL),(166,1,4,40,NULL,NULL),(167,1,14,33,NULL,NULL),(168,1,14,58,NULL,NULL),(169,1,6,58,NULL,NULL),(170,1,16,88,NULL,NULL),(171,1,15,89,NULL,NULL),(172,1,7,31,NULL,NULL),(173,1,7,90,NULL,NULL),(174,1,7,91,NULL,NULL),(175,1,7,92,NULL,NULL),(176,1,7,28,NULL,NULL),(177,1,2,87,NULL,NULL),(178,1,2,25,NULL,NULL),(179,1,2,44,NULL,NULL),(180,1,2,93,NULL,NULL),(181,1,5,93,NULL,NULL),(182,1,2,94,NULL,NULL),(183,1,5,94,NULL,NULL),(184,1,2,95,NULL,NULL),(185,1,5,77,NULL,NULL),(186,1,2,77,NULL,NULL),(187,1,10,48,NULL,NULL),(188,1,2,96,NULL,NULL),(189,1,3,11,NULL,NULL),(190,1,3,82,NULL,NULL),(191,1,20,97,NULL,NULL),(192,1,3,98,NULL,NULL),(193,1,3,23,NULL,NULL),(194,1,15,8,NULL,NULL),(195,1,18,22,NULL,NULL),(196,1,18,19,NULL,NULL),(197,1,18,69,NULL,NULL),(198,1,18,99,NULL,NULL),(199,1,18,100,NULL,NULL),(200,1,18,65,NULL,NULL),(201,1,18,27,NULL,NULL),(202,1,18,101,NULL,NULL),(203,1,18,64,NULL,NULL),(204,1,20,84,NULL,NULL),(205,1,19,70,NULL,NULL),(206,1,1,102,NULL,NULL),(207,1,1,92,NULL,NULL),(208,1,1,69,NULL,NULL),(209,1,1,24,NULL,NULL),(210,1,19,86,NULL,NULL),(211,1,13,33,NULL,NULL),(212,1,13,103,NULL,NULL),(213,1,1,40,NULL,NULL),(214,1,1,75,NULL,NULL),(215,1,19,75,NULL,NULL),(216,1,1,103,NULL,NULL),(217,1,19,18,NULL,NULL),(218,1,1,67,NULL,NULL),(219,1,1,68,NULL,NULL),(220,1,1,76,NULL,NULL),(221,1,19,6,NULL,NULL),(222,1,1,104,NULL,NULL),(223,1,1,105,NULL,NULL),(224,1,19,40,NULL,NULL),(225,1,13,89,NULL,NULL),(226,1,13,106,NULL,NULL),(227,1,5,107,NULL,NULL),(228,1,12,107,NULL,NULL),(229,1,16,107,NULL,NULL),(230,1,4,66,NULL,NULL),(231,1,16,108,NULL,NULL),(232,1,7,34,NULL,NULL),(233,1,16,34,NULL,NULL),(234,1,9,108,NULL,NULL),(235,1,4,34,NULL,NULL),(236,1,6,109,NULL,NULL),(237,1,11,110,NULL,NULL),(238,1,4,1,NULL,NULL),(239,1,10,20,NULL,NULL),(240,1,4,15,NULL,NULL),(241,1,5,37,NULL,NULL),(242,1,6,18,NULL,NULL),(243,1,6,111,NULL,NULL),(244,1,5,112,NULL,NULL),(245,1,6,112,NULL,NULL),(246,1,16,112,NULL,NULL),(247,1,4,92,NULL,NULL),(248,1,16,58,NULL,NULL),(249,1,4,113,NULL,NULL),(250,1,5,35,NULL,NULL),(251,1,10,35,NULL,NULL),(252,1,9,111,NULL,NULL),(253,1,12,114,NULL,NULL),(254,1,12,111,NULL,NULL),(255,1,6,115,NULL,NULL),(256,1,11,116,NULL,NULL),(257,1,14,117,NULL,NULL),(258,1,10,118,NULL,NULL),(259,1,4,118,NULL,NULL),(260,1,17,118,NULL,NULL),(261,1,14,104,NULL,NULL),(262,1,6,13,NULL,NULL),(263,1,11,13,NULL,NULL),(264,1,10,13,NULL,NULL),(265,1,6,119,NULL,NULL),(266,1,4,104,NULL,NULL),(267,1,1,26,NULL,NULL),(268,1,1,61,NULL,NULL),(269,1,19,102,NULL,NULL),(270,1,1,120,NULL,NULL),(271,1,13,88,NULL,NULL),(272,1,19,34,NULL,NULL),(273,1,1,97,NULL,NULL),(274,1,19,117,NULL,NULL),(275,1,1,121,NULL,NULL),(276,1,1,122,NULL,NULL),(277,1,1,123,NULL,NULL),(278,1,1,53,NULL,NULL),(279,1,19,123,NULL,NULL),(280,1,13,100,NULL,NULL),(281,1,13,108,NULL,NULL),(282,1,20,124,NULL,NULL),(283,1,20,125,NULL,NULL),(284,1,20,86,NULL,NULL),(285,1,20,12,NULL,NULL),(286,1,3,68,NULL,NULL),(287,1,3,12,NULL,NULL),(288,1,3,26,NULL,NULL),(289,1,20,55,NULL,NULL),(290,1,6,20,NULL,NULL),(291,1,16,27,NULL,NULL),(292,1,10,126,NULL,NULL),(293,1,6,97,NULL,NULL),(294,1,10,127,NULL,NULL),(295,1,4,128,NULL,NULL),(296,1,14,129,NULL,NULL),(297,1,17,129,NULL,NULL),(298,1,5,127,NULL,NULL),(299,1,6,127,NULL,NULL),(300,1,4,114,NULL,NULL),(301,1,16,114,NULL,NULL),(302,1,4,130,NULL,NULL),(303,1,2,130,NULL,NULL),(304,1,10,97,NULL,NULL),(305,1,10,68,NULL,NULL),(306,1,16,9,NULL,NULL),(307,1,6,118,NULL,NULL),(308,1,16,118,NULL,NULL),(309,1,4,131,NULL,NULL),(310,1,2,17,NULL,NULL),(311,1,3,22,NULL,NULL),(312,1,3,132,NULL,NULL),(313,1,3,56,NULL,NULL),(314,1,3,133,NULL,NULL),(315,1,20,71,NULL,NULL),(316,1,3,71,NULL,NULL),(317,1,3,20,NULL,NULL),(318,1,2,48,NULL,NULL),(319,1,2,134,NULL,NULL),(320,1,2,135,NULL,NULL),(321,1,20,110,NULL,NULL),(322,1,20,13,NULL,NULL),(323,1,20,22,NULL,NULL),(324,1,20,133,NULL,NULL),(325,1,20,56,NULL,NULL),(326,1,7,136,NULL,NULL),(327,1,7,73,NULL,NULL),(328,1,7,137,NULL,NULL),(329,1,7,126,NULL,NULL),(330,1,7,101,NULL,NULL),(331,1,9,138,NULL,NULL),(332,1,8,91,NULL,NULL),(333,1,7,48,NULL,NULL),(334,1,7,139,NULL,NULL),(335,1,9,78,NULL,NULL),(336,1,7,18,NULL,NULL),(337,1,9,62,NULL,NULL),(338,1,7,55,NULL,NULL),(339,1,3,89,NULL,NULL),(340,1,17,84,NULL,NULL),(341,1,16,63,NULL,NULL),(342,1,6,140,NULL,NULL),(343,1,12,14,NULL,NULL),(344,1,6,14,NULL,NULL),(345,1,4,14,NULL,NULL),(346,1,12,2,NULL,NULL),(347,1,17,132,NULL,NULL),(348,1,10,133,NULL,NULL),(349,1,9,133,NULL,NULL),(350,1,16,14,NULL,NULL),(351,1,14,41,NULL,NULL),(352,1,14,141,NULL,NULL),(353,1,6,142,NULL,NULL),(354,1,7,142,NULL,NULL),(355,1,12,126,NULL,NULL),(356,1,9,143,NULL,NULL),(357,1,9,144,NULL,NULL),(358,1,12,144,NULL,NULL),(359,1,16,144,NULL,NULL),(360,1,6,96,NULL,NULL),(361,1,12,145,NULL,NULL),(362,1,4,145,NULL,NULL),(363,1,4,143,NULL,NULL),(364,1,9,145,NULL,NULL),(365,1,4,105,NULL,NULL),(366,1,11,145,NULL,NULL),(367,1,6,145,NULL,NULL),(368,1,4,94,NULL,NULL),(369,1,14,135,NULL,NULL),(370,1,5,96,NULL,NULL),(371,1,1,84,NULL,NULL),(372,1,19,84,NULL,NULL),(373,1,19,146,NULL,NULL),(374,1,1,45,NULL,NULL),(375,1,13,62,NULL,NULL),(376,1,19,147,NULL,NULL),(377,1,1,100,NULL,NULL),(378,1,1,59,NULL,NULL),(379,1,13,148,NULL,NULL),(380,1,1,146,NULL,NULL),(381,1,19,148,NULL,NULL),(382,1,1,149,NULL,NULL),(383,1,1,85,NULL,NULL),(384,1,18,24,NULL,NULL),(385,1,18,20,NULL,NULL),(386,1,18,31,NULL,NULL),(387,1,18,28,NULL,NULL),(388,1,18,21,NULL,NULL),(389,1,18,43,NULL,NULL),(390,1,9,5,NULL,NULL),(391,1,9,18,NULL,NULL),(392,1,7,150,NULL,NULL),(393,1,8,151,NULL,NULL),(394,1,7,104,NULL,NULL),(395,1,7,105,NULL,NULL),(396,1,7,152,NULL,NULL),(397,1,9,105,NULL,NULL),(398,1,7,71,NULL,NULL),(399,1,8,153,NULL,NULL),(400,1,15,100,NULL,NULL),(401,1,13,85,NULL,NULL),(402,1,1,147,NULL,NULL),(403,1,1,154,NULL,NULL),(404,1,1,48,NULL,NULL),(405,1,1,64,NULL,NULL),(406,1,1,155,NULL,NULL),(407,1,14,8,NULL,NULL),(408,1,6,154,NULL,NULL),(409,1,4,156,NULL,NULL),(410,1,6,157,NULL,NULL),(411,1,8,158,NULL,NULL),(412,1,4,25,NULL,NULL),(413,1,11,73,NULL,NULL),(414,1,2,115,NULL,NULL),(415,1,5,114,NULL,NULL),(416,1,2,159,NULL,NULL),(417,1,6,160,NULL,NULL),(418,1,17,160,NULL,NULL),(419,1,2,160,NULL,NULL),(420,1,2,161,NULL,NULL),(421,1,5,161,NULL,NULL),(422,1,8,161,NULL,NULL),(423,1,9,161,NULL,NULL),(424,1,5,159,NULL,NULL),(425,1,12,162,NULL,NULL),(426,1,10,162,NULL,NULL),(427,1,14,93,NULL,NULL),(428,1,11,159,NULL,NULL),(429,1,5,163,NULL,NULL),(430,1,2,163,NULL,NULL),(431,1,1,73,NULL,NULL),(432,1,1,164,NULL,NULL),(433,1,1,165,NULL,NULL),(434,1,19,149,NULL,NULL),(435,1,13,166,NULL,NULL),(436,1,14,59,NULL,NULL),(437,1,11,127,NULL,NULL),(438,1,16,91,NULL,NULL),(439,1,6,59,NULL,NULL),(440,1,6,167,NULL,NULL),(441,1,14,168,NULL,NULL),(442,1,6,168,NULL,NULL),(443,1,7,168,NULL,NULL),(444,1,10,168,NULL,NULL),(445,1,11,168,NULL,NULL),(446,1,7,169,NULL,NULL),(447,1,11,169,NULL,NULL),(448,1,8,88,NULL,NULL),(449,1,5,170,NULL,NULL),(450,1,10,170,NULL,NULL),(451,1,8,170,NULL,NULL),(452,1,6,170,NULL,NULL),(453,1,9,170,NULL,NULL),(454,1,18,131,NULL,NULL),(455,1,18,135,NULL,NULL),(456,1,6,62,NULL,NULL),(457,1,11,164,NULL,NULL),(458,1,6,128,NULL,NULL),(459,1,5,128,NULL,NULL),(460,1,2,78,NULL,NULL),(461,1,12,89,NULL,NULL),(462,1,2,111,NULL,NULL),(463,1,4,154,NULL,NULL),(464,1,10,129,NULL,NULL),(465,1,11,171,NULL,NULL),(466,1,10,171,NULL,NULL),(467,1,4,171,NULL,NULL),(468,1,14,171,NULL,NULL),(469,1,2,171,NULL,NULL),(470,1,11,90,NULL,NULL),(471,1,4,78,NULL,NULL),(472,1,17,112,NULL,NULL),(473,1,6,11,NULL,NULL),(474,1,5,172,NULL,NULL),(475,1,2,172,NULL,NULL),(476,1,4,172,NULL,NULL),(477,1,11,172,NULL,NULL),(478,1,6,172,NULL,NULL),(479,1,5,173,NULL,NULL),(480,1,10,173,NULL,NULL),(481,1,6,173,NULL,NULL),(482,1,9,173,NULL,NULL),(483,1,4,127,NULL,NULL),(484,1,20,95,NULL,NULL),(485,1,20,46,NULL,NULL),(486,1,3,116,NULL,NULL),(487,1,20,117,NULL,NULL),(488,1,3,65,NULL,NULL),(489,1,3,146,NULL,NULL),(490,1,5,89,NULL,NULL),(491,1,2,10,NULL,NULL),(492,1,5,88,NULL,NULL),(493,1,5,24,NULL,NULL),(494,1,15,174,NULL,NULL),(495,1,2,175,NULL,NULL),(496,1,20,149,NULL,NULL),(497,1,20,9,NULL,NULL),(498,1,20,70,NULL,NULL),(499,1,20,176,NULL,NULL),(500,1,20,40,NULL,NULL),(501,1,16,55,NULL,NULL),(502,1,12,115,NULL,NULL),(503,1,10,123,NULL,NULL),(504,1,10,154,NULL,NULL),(505,1,16,85,NULL,NULL),(506,1,2,100,NULL,NULL),(507,1,3,39,NULL,NULL),(508,1,7,16,NULL,NULL),(509,1,7,81,NULL,NULL),(510,1,7,52,NULL,NULL),(511,1,7,125,NULL,NULL),(512,1,7,3,NULL,NULL),(513,1,2,35,NULL,NULL),(514,1,7,56,NULL,NULL),(515,1,8,37,NULL,NULL),(516,1,7,27,NULL,NULL),(517,1,8,136,NULL,NULL),(518,1,8,107,NULL,NULL),(519,1,7,177,NULL,NULL),(520,1,8,143,NULL,NULL),(521,1,7,160,NULL,NULL),(522,1,14,40,NULL,NULL),(523,1,14,166,NULL,NULL),(524,1,6,5,NULL,NULL),(525,1,17,109,NULL,NULL),(526,1,14,66,NULL,NULL),(527,1,8,30,NULL,NULL),(528,1,6,94,NULL,NULL),(529,1,9,53,NULL,NULL),(530,1,8,100,NULL,NULL),(531,1,6,175,NULL,NULL),(532,1,12,66,NULL,NULL),(533,1,14,30,NULL,NULL),(534,1,4,63,NULL,NULL),(535,1,6,178,NULL,NULL),(536,1,8,165,NULL,NULL),(537,1,4,79,NULL,NULL),(538,1,4,179,NULL,NULL),(539,1,11,179,NULL,NULL),(540,1,6,179,NULL,NULL),(541,1,14,179,NULL,NULL),(542,1,16,179,NULL,NULL),(543,1,9,91,NULL,NULL),(544,1,2,180,NULL,NULL),(545,1,11,156,NULL,NULL),(546,1,2,174,NULL,NULL),(547,1,17,166,NULL,NULL),(548,1,5,181,NULL,NULL),(549,1,10,125,NULL,NULL),(550,1,2,138,NULL,NULL),(551,1,4,36,NULL,NULL),(552,1,11,105,NULL,NULL),(553,1,12,151,NULL,NULL),(554,1,5,151,NULL,NULL),(555,1,17,151,NULL,NULL),(556,1,11,140,NULL,NULL),(557,1,6,182,NULL,NULL),(558,1,17,29,NULL,NULL),(559,1,2,114,NULL,NULL),(560,1,10,90,NULL,NULL),(561,1,6,183,NULL,NULL),(562,1,11,183,NULL,NULL),(563,1,11,184,NULL,NULL),(564,1,20,147,NULL,NULL),(565,1,15,77,NULL,NULL),(566,1,2,164,NULL,NULL),(567,1,6,185,NULL,NULL),(568,1,2,185,NULL,NULL),(569,1,5,185,NULL,NULL),(570,1,14,186,NULL,NULL),(571,1,5,186,NULL,NULL),(572,1,17,90,NULL,NULL),(573,1,1,130,NULL,NULL),(574,1,13,61,NULL,NULL),(575,1,1,187,NULL,NULL),(576,1,1,188,NULL,NULL),(577,1,13,54,NULL,NULL),(578,1,1,46,NULL,NULL),(579,1,11,9,NULL,NULL),(580,1,12,9,NULL,NULL),(581,1,16,98,NULL,NULL),(582,1,9,9,NULL,NULL),(583,1,11,128,NULL,NULL),(584,1,8,156,NULL,NULL),(585,1,10,189,NULL,NULL),(586,1,5,190,NULL,NULL),(587,1,4,54,NULL,NULL),(588,1,11,54,NULL,NULL),(589,1,14,54,NULL,NULL),(590,1,16,59,NULL,NULL),(591,1,4,47,NULL,NULL),(592,1,10,183,NULL,NULL),(593,1,7,45,NULL,NULL),(594,1,4,52,NULL,NULL),(595,1,12,42,NULL,NULL),(596,1,8,173,NULL,NULL),(597,1,17,191,NULL,NULL),(598,1,4,38,NULL,NULL),(599,1,14,44,NULL,NULL),(600,1,11,2,NULL,NULL),(601,1,14,3,NULL,NULL),(602,1,5,38,NULL,NULL),(603,1,17,180,NULL,NULL),(604,1,16,180,NULL,NULL),(605,1,6,180,NULL,NULL),(606,1,10,180,NULL,NULL),(607,1,4,180,NULL,NULL),(608,1,5,180,NULL,NULL),(609,1,4,84,NULL,NULL),(610,1,1,109,NULL,NULL),(611,1,1,19,NULL,NULL),(612,1,1,95,NULL,NULL),(613,1,1,124,NULL,NULL),(614,1,13,19,NULL,NULL),(615,1,19,76,NULL,NULL),(616,1,13,120,NULL,NULL),(617,1,1,82,NULL,NULL),(618,1,19,50,NULL,NULL),(619,1,2,9,NULL,NULL),(620,1,16,45,NULL,NULL),(621,1,10,25,NULL,NULL),(622,1,17,158,NULL,NULL),(623,1,14,108,NULL,NULL),(624,1,14,69,NULL,NULL),(625,1,6,151,NULL,NULL),(626,1,2,82,NULL,NULL),(627,1,17,3,NULL,NULL),(628,1,5,67,NULL,NULL),(629,1,5,156,NULL,NULL),(630,1,16,156,NULL,NULL),(631,1,16,121,NULL,NULL),(632,1,16,70,NULL,NULL),(633,1,17,121,NULL,NULL),(634,1,10,149,NULL,NULL),(635,1,4,148,NULL,NULL),(636,1,7,44,NULL,NULL),(637,1,8,1,NULL,NULL),(638,1,10,184,NULL,NULL),(639,1,4,125,NULL,NULL),(640,1,6,23,NULL,NULL),(641,1,20,82,NULL,NULL),(642,1,3,192,NULL,NULL),(643,1,3,88,NULL,NULL),(644,1,3,148,NULL,NULL),(645,1,3,78,NULL,NULL),(646,1,3,105,NULL,NULL),(647,1,20,132,NULL,NULL),(648,1,3,21,NULL,NULL),(649,1,10,12,NULL,NULL),(650,1,9,8,NULL,NULL),(651,1,4,161,NULL,NULL),(652,1,4,176,NULL,NULL),(653,1,14,163,NULL,NULL),(654,1,16,163,NULL,NULL),(655,1,10,160,NULL,NULL),(656,1,4,165,NULL,NULL),(657,1,8,71,NULL,NULL),(658,1,17,4,NULL,NULL),(659,1,17,20,NULL,NULL),(660,1,6,81,NULL,NULL),(661,1,6,193,NULL,NULL),(662,1,8,193,NULL,NULL),(663,1,12,193,NULL,NULL),(664,1,7,193,NULL,NULL),(665,1,6,10,NULL,NULL),(666,1,7,194,NULL,NULL),(667,1,8,166,NULL,NULL),(668,1,6,174,NULL,NULL),(669,1,6,124,NULL,NULL),(670,1,12,82,NULL,NULL),(671,1,14,52,NULL,NULL),(672,1,8,195,NULL,NULL),(673,1,12,196,NULL,NULL),(674,1,9,166,NULL,NULL),(675,1,9,30,NULL,NULL),(676,1,7,94,NULL,NULL),(677,1,3,135,NULL,NULL),(678,1,3,196,NULL,NULL),(679,1,4,135,NULL,NULL),(680,1,11,136,NULL,NULL),(681,1,14,136,NULL,NULL),(682,1,4,136,NULL,NULL),(683,1,10,136,NULL,NULL),(684,1,10,64,NULL,NULL),(685,1,6,22,NULL,NULL),(686,1,4,142,NULL,NULL),(687,1,16,72,NULL,NULL),(688,1,12,197,NULL,NULL),(689,1,14,197,NULL,NULL),(690,1,16,164,NULL,NULL),(691,1,9,164,NULL,NULL),(692,1,18,87,NULL,NULL),(693,1,18,174,NULL,NULL),(694,1,18,30,NULL,NULL),(695,1,7,89,NULL,NULL),(696,1,7,63,NULL,NULL),(697,1,7,15,NULL,NULL),(698,1,7,35,NULL,NULL),(699,1,4,4,NULL,NULL),(700,1,10,81,NULL,NULL),(701,1,6,162,NULL,NULL),(702,1,11,162,NULL,NULL),(703,1,16,104,NULL,NULL),(704,1,20,65,NULL,NULL),(705,1,20,48,NULL,NULL),(706,1,20,198,NULL,NULL),(707,1,14,198,NULL,NULL),(708,1,12,164,NULL,NULL),(709,1,14,164,NULL,NULL),(710,1,4,55,NULL,NULL),(711,1,4,8,NULL,NULL),(712,1,3,155,NULL,NULL),(713,1,3,157,NULL,NULL),(714,1,3,198,NULL,NULL),(715,1,4,28,NULL,NULL),(716,1,9,199,NULL,NULL),(717,1,4,3,NULL,NULL),(718,1,4,155,NULL,NULL),(719,1,7,154,NULL,NULL),(720,1,7,119,NULL,NULL),(721,1,4,69,NULL,NULL),(722,1,14,36,NULL,NULL),(723,1,6,101,NULL,NULL),(724,1,17,200,NULL,NULL),(725,1,6,46,NULL,NULL),(726,1,7,190,NULL,NULL),(727,1,7,24,NULL,NULL),(728,1,19,188,NULL,NULL),(729,1,19,87,NULL,NULL),(730,1,13,201,NULL,NULL),(731,1,19,201,NULL,NULL),(732,1,1,144,NULL,NULL),(733,1,1,198,NULL,NULL),(734,1,19,162,NULL,NULL),(735,1,1,202,NULL,NULL),(736,1,19,202,NULL,NULL),(737,1,10,4,NULL,NULL),(738,1,5,203,NULL,NULL),(739,1,12,203,NULL,NULL),(740,1,2,203,NULL,NULL),(741,1,8,203,NULL,NULL),(742,1,9,203,NULL,NULL),(743,1,11,181,NULL,NULL),(744,1,11,71,NULL,NULL),(745,1,4,126,NULL,NULL),(746,1,7,1,NULL,NULL),(747,1,10,41,NULL,NULL),(748,1,9,7,NULL,NULL),(749,1,4,26,NULL,NULL),(750,1,2,60,NULL,NULL),(751,1,7,97,NULL,NULL),(752,1,7,162,NULL,NULL),(753,1,8,162,NULL,NULL),(754,1,7,155,NULL,NULL),(755,1,9,65,NULL,NULL),(756,1,11,65,NULL,NULL),(757,1,14,115,NULL,NULL),(758,1,3,139,NULL,NULL),(759,1,14,81,NULL,NULL),(760,1,4,89,NULL,NULL),(761,1,6,134,NULL,NULL),(762,1,14,134,NULL,NULL),(763,1,9,134,NULL,NULL),(764,1,17,134,NULL,NULL),(765,1,4,37,NULL,NULL),(766,1,17,37,NULL,NULL),(767,1,11,194,NULL,NULL),(768,1,11,46,NULL,NULL),(769,1,10,26,NULL,NULL),(770,1,11,96,NULL,NULL),(771,1,4,96,NULL,NULL),(772,1,10,194,NULL,NULL),(773,1,12,130,NULL,NULL),(774,1,4,177,NULL,NULL),(775,1,10,177,NULL,NULL),(776,1,11,101,NULL,NULL),(777,1,14,101,NULL,NULL),(778,1,16,146,NULL,NULL),(779,1,3,201,NULL,NULL),(780,1,15,98,NULL,NULL),(781,1,15,148,NULL,NULL),(782,1,15,198,NULL,NULL),(783,1,15,147,NULL,NULL),(784,1,15,18,NULL,NULL),(785,1,15,15,NULL,NULL),(786,1,3,123,NULL,NULL),(787,1,15,204,NULL,NULL),(788,1,3,112,NULL,NULL),(789,1,13,56,NULL,NULL),(790,1,1,39,NULL,NULL),(791,1,15,66,NULL,NULL),(792,1,15,71,NULL,NULL),(793,1,15,176,NULL,NULL),(794,1,15,129,NULL,NULL),(795,1,2,197,NULL,NULL),(796,1,5,187,NULL,NULL),(797,1,2,205,NULL,NULL),(798,1,5,206,NULL,NULL),(799,1,9,207,NULL,NULL),(800,1,7,181,NULL,NULL),(801,1,9,102,NULL,NULL),(802,1,8,197,NULL,NULL),(803,1,9,71,NULL,NULL),(804,1,8,208,NULL,NULL),(805,1,7,209,NULL,NULL),(806,1,7,210,NULL,NULL),(807,1,8,211,NULL,NULL),(808,1,7,211,NULL,NULL),(809,1,7,109,NULL,NULL),(810,1,8,150,NULL,NULL),(811,1,3,211,NULL,NULL),(812,1,3,187,NULL,NULL),(813,1,15,110,NULL,NULL),(814,1,15,212,NULL,NULL),(815,1,15,120,NULL,NULL),(816,1,15,213,NULL,NULL),(817,1,20,141,NULL,NULL),(818,1,15,196,NULL,NULL),(819,1,3,214,NULL,NULL),(820,1,3,176,NULL,NULL),(821,1,3,32,NULL,NULL),(822,1,13,169,NULL,NULL),(823,1,1,169,NULL,NULL),(824,1,13,107,NULL,NULL),(825,1,1,193,NULL,NULL),(826,1,1,215,NULL,NULL),(827,1,13,109,NULL,NULL),(828,1,1,216,NULL,NULL),(829,1,1,183,NULL,NULL),(830,1,18,11,NULL,NULL),(831,1,17,106,NULL,NULL),(832,1,16,217,NULL,NULL),(833,1,6,218,NULL,NULL),(834,1,11,91,NULL,NULL),(835,1,17,219,NULL,NULL),(836,1,11,122,NULL,NULL),(837,1,17,212,NULL,NULL),(838,1,5,153,NULL,NULL),(839,1,4,138,NULL,NULL),(840,1,7,138,NULL,NULL),(841,1,10,139,NULL,NULL),(842,1,8,144,NULL,NULL),(843,1,17,220,NULL,NULL),(844,1,8,221,NULL,NULL),(845,1,10,152,NULL,NULL),(846,1,11,152,NULL,NULL),(847,1,6,152,NULL,NULL),(848,1,16,152,NULL,NULL),(849,1,14,19,NULL,NULL),(850,1,12,19,NULL,NULL),(851,1,6,216,NULL,NULL),(852,1,14,222,NULL,NULL),(853,1,9,187,NULL,NULL),(854,1,6,210,NULL,NULL),(855,1,16,223,NULL,NULL),(856,1,9,43,NULL,NULL),(857,1,7,70,NULL,NULL),(858,1,16,102,NULL,NULL),(859,1,8,187,NULL,NULL),(860,1,17,217,NULL,NULL),(861,1,8,176,NULL,NULL),(862,1,11,209,NULL,NULL),(863,1,4,209,NULL,NULL),(864,1,6,209,NULL,NULL),(865,1,4,76,NULL,NULL),(866,1,11,43,NULL,NULL),(867,1,6,224,NULL,NULL),(868,1,7,2,NULL,NULL),(869,1,8,224,NULL,NULL),(870,1,10,209,NULL,NULL),(871,1,6,223,NULL,NULL),(872,1,11,223,NULL,NULL),(873,1,16,106,NULL,NULL),(874,1,5,106,NULL,NULL),(875,1,6,225,NULL,NULL),(876,1,5,222,NULL,NULL),(877,1,5,130,NULL,NULL),(878,1,5,225,NULL,NULL),(879,1,14,130,NULL,NULL),(880,1,11,221,NULL,NULL),(881,1,5,167,NULL,NULL),(882,1,4,167,NULL,NULL),(883,1,10,167,NULL,NULL),(884,1,7,167,NULL,NULL),(885,1,10,221,NULL,NULL),(886,1,15,123,NULL,NULL),(887,1,15,109,NULL,NULL),(888,1,15,190,NULL,NULL),(889,1,15,35,NULL,NULL),(890,1,15,141,NULL,NULL),(891,1,15,117,NULL,NULL),(892,1,7,213,NULL,NULL),(893,1,7,32,NULL,NULL),(894,1,7,117,NULL,NULL),(895,1,7,43,NULL,NULL),(896,1,7,215,NULL,NULL),(897,1,7,110,NULL,NULL),(898,1,7,75,NULL,NULL),(899,1,7,74,NULL,NULL),(900,1,7,226,NULL,NULL),(901,1,2,67,NULL,NULL),(902,1,5,218,NULL,NULL),(903,1,3,191,NULL,NULL),(904,1,3,212,NULL,NULL),(905,1,3,69,NULL,NULL),(906,1,18,216,NULL,NULL),(907,1,18,208,NULL,NULL),(908,1,18,205,NULL,NULL),(909,1,18,124,NULL,NULL),(910,1,18,187,NULL,NULL),(911,1,18,120,NULL,NULL),(912,1,18,185,NULL,NULL),(913,1,15,50,NULL,NULL),(914,1,3,136,NULL,NULL),(915,1,15,211,NULL,NULL),(916,1,3,64,NULL,NULL),(917,1,3,216,NULL,NULL),(918,1,20,214,NULL,NULL),(919,1,19,187,NULL,NULL),(920,1,19,120,NULL,NULL),(921,1,2,225,NULL,NULL),(922,1,2,178,NULL,NULL),(923,1,19,131,NULL,NULL),(924,1,1,74,NULL,NULL),(925,1,1,116,NULL,NULL),(926,1,13,182,NULL,NULL),(927,1,15,227,NULL,NULL),(928,1,1,227,NULL,NULL),(929,1,19,141,NULL,NULL),(930,1,13,144,NULL,NULL),(931,1,13,196,NULL,NULL),(932,1,19,55,NULL,NULL),(933,1,15,45,NULL,NULL),(934,1,19,190,NULL,NULL),(935,1,13,190,NULL,NULL),(936,1,13,86,NULL,NULL),(937,1,19,212,NULL,NULL),(938,1,13,83,NULL,NULL),(939,1,19,83,NULL,NULL),(940,1,15,214,NULL,NULL),(941,1,19,214,NULL,NULL),(942,1,13,63,NULL,NULL),(943,1,19,180,NULL,NULL),(944,1,19,196,NULL,NULL),(945,1,13,31,NULL,NULL),(946,1,19,103,NULL,NULL),(947,1,13,72,NULL,NULL),(948,1,19,72,NULL,NULL),(949,1,1,125,NULL,NULL),(950,1,16,86,NULL,NULL),(951,1,12,208,NULL,NULL),(952,1,11,228,NULL,NULL),(953,1,6,228,NULL,NULL),(954,1,10,225,NULL,NULL),(955,1,11,225,NULL,NULL),(956,1,12,158,NULL,NULL),(957,1,6,153,NULL,NULL),(958,1,5,177,NULL,NULL),(959,1,18,98,NULL,NULL),(960,1,18,217,NULL,NULL),(961,1,18,67,NULL,NULL),(962,1,1,192,NULL,NULL),(963,1,13,228,NULL,NULL),(964,1,20,116,NULL,NULL),(965,1,3,204,NULL,NULL),(966,1,6,206,NULL,NULL),(967,1,4,206,NULL,NULL),(968,1,4,222,NULL,NULL),(969,1,2,155,NULL,NULL),(970,1,2,113,NULL,NULL),(971,1,2,200,NULL,NULL),(972,1,7,78,NULL,NULL),(973,1,8,226,NULL,NULL),(974,1,9,110,NULL,NULL),(975,1,9,113,NULL,NULL),(976,1,8,218,NULL,NULL),(977,1,7,199,NULL,NULL),(978,1,7,140,NULL,NULL),(979,1,7,221,NULL,NULL),(980,1,13,98,NULL,NULL),(981,1,13,55,NULL,NULL),(982,1,13,164,NULL,NULL),(983,1,13,131,NULL,NULL),(984,1,13,181,NULL,NULL),(985,1,13,204,NULL,NULL),(986,1,15,229,NULL,NULL),(987,1,13,2,NULL,NULL),(988,1,4,147,NULL,NULL),(989,1,7,197,NULL,NULL),(990,1,10,115,NULL,NULL),(991,1,6,99,NULL,NULL),(992,1,16,128,NULL,NULL),(993,1,4,108,NULL,NULL),(994,1,4,210,NULL,NULL),(995,1,6,38,NULL,NULL),(996,1,4,182,NULL,NULL),(997,1,11,182,NULL,NULL),(998,1,14,230,NULL,NULL),(999,1,12,219,NULL,NULL),(1000,1,17,42,NULL,NULL),(1001,1,8,212,NULL,NULL),(1002,1,4,229,NULL,NULL),(1003,1,11,42,NULL,NULL),(1004,1,14,42,NULL,NULL),(1005,1,5,178,NULL,NULL),(1006,1,5,113,NULL,NULL),(1007,1,5,60,NULL,NULL),(1008,1,2,208,NULL,NULL),(1009,1,20,120,NULL,NULL),(1010,1,15,191,NULL,NULL),(1011,1,20,68,NULL,NULL),(1012,1,8,202,NULL,NULL),(1013,1,7,202,NULL,NULL),(1014,1,17,202,NULL,NULL),(1015,1,7,214,NULL,NULL),(1016,1,8,231,NULL,NULL),(1017,1,13,110,NULL,NULL),(1018,1,1,213,NULL,NULL),(1019,1,19,192,NULL,NULL),(1020,1,19,204,NULL,NULL),(1021,1,18,144,NULL,NULL),(1022,1,2,215,NULL,NULL),(1023,1,5,43,NULL,NULL),(1024,1,6,192,NULL,NULL),(1025,1,17,224,NULL,NULL),(1026,1,17,142,NULL,NULL),(1027,1,10,93,NULL,NULL),(1028,1,5,21,NULL,NULL),(1029,1,1,137,NULL,NULL),(1030,1,13,116,NULL,NULL),(1031,1,1,224,NULL,NULL),(1032,1,1,133,NULL,NULL),(1033,1,15,149,NULL,NULL),(1034,1,13,92,NULL,NULL),(1035,1,15,92,NULL,NULL),(1036,1,19,92,NULL,NULL),(1037,1,13,141,NULL,NULL),(1038,1,10,232,NULL,NULL),(1039,1,11,232,NULL,NULL),(1040,1,7,232,NULL,NULL),(1041,1,14,232,NULL,NULL),(1042,1,16,228,NULL,NULL),(1043,1,14,228,NULL,NULL),(1044,1,5,229,NULL,NULL),(1045,1,6,232,NULL,NULL),(1046,1,10,229,NULL,NULL),(1047,1,9,150,NULL,NULL),(1048,1,5,223,NULL,NULL),(1049,1,12,202,NULL,NULL),(1050,1,11,202,NULL,NULL),(1051,1,16,202,NULL,NULL),(1052,1,2,139,NULL,NULL),(1053,1,16,137,NULL,NULL),(1054,1,2,52,NULL,NULL),(1055,1,5,15,NULL,NULL),(1056,1,2,222,NULL,NULL),(1057,1,5,233,NULL,NULL),(1058,1,12,67,NULL,NULL),(1059,1,2,188,NULL,NULL),(1060,1,4,188,NULL,NULL),(1061,1,8,234,NULL,NULL),(1062,1,10,113,NULL,NULL),(1063,1,4,233,NULL,NULL),(1064,1,11,233,NULL,NULL),(1065,1,14,233,NULL,NULL),(1066,1,2,233,NULL,NULL),(1067,1,11,53,NULL,NULL),(1068,1,2,157,NULL,NULL),(1069,1,16,16,NULL,NULL),(1070,1,4,159,NULL,NULL),(1071,1,19,59,NULL,NULL),(1072,1,19,122,NULL,NULL),(1073,1,1,229,NULL,NULL),(1074,1,19,82,NULL,NULL),(1075,1,19,165,NULL,NULL),(1076,1,13,162,NULL,NULL),(1077,1,13,39,NULL,NULL),(1078,1,1,191,NULL,NULL),(1079,1,20,216,NULL,NULL),(1080,1,20,209,NULL,NULL),(1081,1,12,16,NULL,NULL),(1082,1,10,187,NULL,NULL),(1083,1,16,187,NULL,NULL),(1084,1,1,157,NULL,NULL),(1085,1,1,83,NULL,NULL),(1086,1,7,182,NULL,NULL),(1087,1,7,175,NULL,NULL),(1088,1,7,205,NULL,NULL),(1089,1,12,220,NULL,NULL),(1090,1,7,207,NULL,NULL),(1091,1,8,207,NULL,NULL),(1092,1,17,207,NULL,NULL),(1093,1,6,181,NULL,NULL),(1094,1,8,164,NULL,NULL),(1095,1,14,195,NULL,NULL),(1096,1,8,175,NULL,NULL),(1097,1,14,140,NULL,NULL),(1098,1,17,218,NULL,NULL),(1099,1,14,175,NULL,NULL),(1100,1,14,102,NULL,NULL),(1101,1,6,231,NULL,NULL),(1102,1,7,206,NULL,NULL),(1103,1,8,182,NULL,NULL),(1104,1,14,37,NULL,NULL),(1105,1,17,102,NULL,NULL),(1106,1,8,214,NULL,NULL),(1107,1,12,210,NULL,NULL),(1108,1,11,235,NULL,NULL),(1109,1,6,235,NULL,NULL),(1110,1,14,235,NULL,NULL),(1111,1,6,6,NULL,NULL),(1112,1,16,6,NULL,NULL),(1113,1,14,6,NULL,NULL),(1114,1,12,235,NULL,NULL),(1115,1,16,235,NULL,NULL),(1116,1,4,83,NULL,NULL),(1117,1,18,71,NULL,NULL),(1118,1,18,213,NULL,NULL),(1119,1,18,191,NULL,NULL),(1120,1,2,227,NULL,NULL),(1121,1,16,158,NULL,NULL),(1122,1,2,144,NULL,NULL),(1123,1,4,153,NULL,NULL),(1124,1,10,153,NULL,NULL),(1125,1,9,178,NULL,NULL),(1126,1,10,27,NULL,NULL),(1127,1,2,106,NULL,NULL),(1128,1,10,95,NULL,NULL),(1129,1,8,126,NULL,NULL),(1130,1,20,2,NULL,NULL),(1131,1,18,162,NULL,NULL),(1132,1,15,131,NULL,NULL),(1133,1,15,27,NULL,NULL),(1134,1,10,185,NULL,NULL),(1135,1,4,220,NULL,NULL),(1136,1,14,220,NULL,NULL),(1137,1,19,227,NULL,NULL),(1138,1,13,43,NULL,NULL),(1139,1,19,43,NULL,NULL),(1140,1,1,197,NULL,NULL),(1141,1,19,195,NULL,NULL),(1142,1,1,56,NULL,NULL),(1143,1,1,139,NULL,NULL),(1144,1,13,87,NULL,NULL),(1145,1,18,202,NULL,NULL),(1146,1,8,183,NULL,NULL),(1147,1,9,31,NULL,NULL),(1148,1,5,227,NULL,NULL),(1149,1,5,174,NULL,NULL),(1150,1,12,182,NULL,NULL),(1151,1,7,178,NULL,NULL),(1152,1,12,174,NULL,NULL),(1153,1,10,39,NULL,NULL),(1154,1,17,39,NULL,NULL),(1155,1,11,175,NULL,NULL),(1156,1,16,175,NULL,NULL),(1157,1,16,143,NULL,NULL),(1158,1,16,219,NULL,NULL),(1159,1,5,28,NULL,NULL),(1160,1,5,221,NULL,NULL),(1161,1,10,91,NULL,NULL),(1162,1,4,91,NULL,NULL),(1163,1,17,91,NULL,NULL),(1164,1,10,199,NULL,NULL),(1165,1,11,199,NULL,NULL),(1166,1,6,199,NULL,NULL),(1167,1,12,186,NULL,NULL),(1168,1,4,186,NULL,NULL),(1169,1,6,186,NULL,NULL),(1170,1,16,186,NULL,NULL),(1171,1,8,189,NULL,NULL),(1172,1,6,189,NULL,NULL),(1173,1,17,189,NULL,NULL),(1174,1,16,189,NULL,NULL),(1175,1,18,226,NULL,NULL),(1176,1,11,93,NULL,NULL),(1177,1,17,177,NULL,NULL),(1178,1,12,163,NULL,NULL),(1179,1,2,184,NULL,NULL),(1180,1,6,226,NULL,NULL),(1181,1,5,184,NULL,NULL),(1182,1,4,234,NULL,NULL),(1183,1,7,234,NULL,NULL),(1184,1,9,234,NULL,NULL),(1185,1,16,234,NULL,NULL),(1186,1,3,194,NULL,NULL),(1187,1,3,95,NULL,NULL),(1188,1,20,21,NULL,NULL),(1189,1,3,206,NULL,NULL),(1190,1,15,106,NULL,NULL),(1191,1,5,10,NULL,NULL),(1192,1,4,41,NULL,NULL),(1193,1,17,16,NULL,NULL),(1194,1,17,159,NULL,NULL),(1195,1,19,121,NULL,NULL),(1196,1,1,54,NULL,NULL),(1197,1,13,211,NULL,NULL),(1198,1,1,184,NULL,NULL),(1199,1,15,72,NULL,NULL),(1200,1,18,196,NULL,NULL),(1201,1,6,207,NULL,NULL),(1202,1,14,103,NULL,NULL),(1203,1,7,103,NULL,NULL),(1204,1,8,120,NULL,NULL),(1205,1,14,210,NULL,NULL),(1206,1,17,176,NULL,NULL),(1207,1,14,165,NULL,NULL),(1208,1,12,122,NULL,NULL),(1209,1,14,217,NULL,NULL),(1210,1,12,181,NULL,NULL),(1211,1,17,146,NULL,NULL),(1212,1,7,124,NULL,NULL),(1213,1,8,220,NULL,NULL),(1214,1,7,120,NULL,NULL),(1215,1,17,231,NULL,NULL),(1216,1,14,223,NULL,NULL),(1217,1,8,2,NULL,NULL),(1218,1,9,119,NULL,NULL),(1219,1,3,137,NULL,NULL),(1220,1,15,137,NULL,NULL),(1221,1,10,150,NULL,NULL),(1222,1,16,236,NULL,NULL),(1223,1,12,236,NULL,NULL),(1224,1,10,236,NULL,NULL),(1225,1,14,236,NULL,NULL),(1226,1,9,236,NULL,NULL),(1227,1,7,10,NULL,NULL),(1228,1,11,211,NULL,NULL),(1229,1,4,215,NULL,NULL),(1230,1,11,215,NULL,NULL),(1231,1,11,231,NULL,NULL),(1232,1,12,138,NULL,NULL),(1233,1,4,205,NULL,NULL),(1234,1,4,121,NULL,NULL),(1235,1,4,201,NULL,NULL),(1236,1,7,121,NULL,NULL),(1237,1,12,201,NULL,NULL),(1238,1,12,224,NULL,NULL),(1239,1,10,211,NULL,NULL),(1240,1,16,231,NULL,NULL),(1241,1,9,205,NULL,NULL),(1242,1,7,158,NULL,NULL),(1243,1,7,219,NULL,NULL),(1244,1,15,162,NULL,NULL),(1245,1,5,194,NULL,NULL),(1246,1,7,222,NULL,NULL),(1247,1,9,80,NULL,NULL),(1248,1,2,7,NULL,NULL),(1249,1,5,7,NULL,NULL),(1250,1,2,223,NULL,NULL),(1251,1,5,79,NULL,NULL),(1252,1,16,7,NULL,NULL),(1253,1,14,207,NULL,NULL),(1254,1,4,58,NULL,NULL),(1255,1,12,218,NULL,NULL),(1256,1,16,142,NULL,NULL),(1257,1,4,150,NULL,NULL),(1258,1,17,119,NULL,NULL),(1259,1,16,119,NULL,NULL),(1260,1,7,208,NULL,NULL),(1261,1,7,106,NULL,NULL),(1262,1,19,169,NULL,NULL),(1263,1,9,183,NULL,NULL),(1264,1,9,74,NULL,NULL),(1265,1,14,188,NULL,NULL),(1266,1,5,119,NULL,NULL),(1267,1,14,38,NULL,NULL),(1268,1,14,204,NULL,NULL),(1269,1,4,157,NULL,NULL),(1270,1,10,188,NULL,NULL),(1271,1,12,195,NULL,NULL),(1272,1,12,200,NULL,NULL),(1273,1,10,200,NULL,NULL),(1274,1,10,122,NULL,NULL),(1275,1,4,140,NULL,NULL),(1276,1,16,79,NULL,NULL),(1277,1,12,230,NULL,NULL),(1278,1,10,230,NULL,NULL),(1279,1,11,230,NULL,NULL),(1280,1,6,230,NULL,NULL),(1281,1,8,210,NULL,NULL),(1282,1,9,210,NULL,NULL),(1283,1,6,90,NULL,NULL),(1284,1,16,129,NULL,NULL),(1285,1,9,213,NULL,NULL),(1286,1,9,217,NULL,NULL),(1287,1,8,47,NULL,NULL),(1288,1,10,193,NULL,NULL),(1289,1,16,192,NULL,NULL),(1290,1,10,79,NULL,NULL),(1291,1,2,79,NULL,NULL),(1292,1,5,132,NULL,NULL),(1293,1,2,132,NULL,NULL),(1294,1,4,132,NULL,NULL),(1295,1,9,153,NULL,NULL),(1296,1,11,200,NULL,NULL),(1297,1,3,143,NULL,NULL),(1298,1,20,32,NULL,NULL),(1299,1,12,99,NULL,NULL),(1300,1,4,19,NULL,NULL),(1301,1,9,99,NULL,NULL),(1302,1,4,226,NULL,NULL),(1303,1,11,113,NULL,NULL),(1304,1,4,11,NULL,NULL),(1305,1,16,99,NULL,NULL),(1306,1,10,111,NULL,NULL),(1307,1,16,195,NULL,NULL),(1308,1,4,85,NULL,NULL),(1309,1,10,219,NULL,NULL),(1310,1,1,106,NULL,NULL),(1311,1,13,236,NULL,NULL),(1312,1,18,32,NULL,NULL),(1313,1,19,208,NULL,NULL),(1314,1,16,237,'2020-04-25 03:57:19','2020-04-25 03:57:19');
/*!40000 ALTER TABLE `enrolls` ENABLE KEYS */;
UNLOCK TABLES;

--
-- Table structure for table `lectures`
--

DROP TABLE IF EXISTS `lectures`;
/*!40101 SET @saved_cs_client     = @@character_set_client */;
/*!40101 SET character_set_client = utf8 */;
CREATE TABLE `lectures` (
  `id` bigint(20) unsigned NOT NULL AUTO_INCREMENT,
  `name` varchar(255) COLLATE utf8mb4_unicode_ci NOT NULL,
  `video` varchar(255) COLLATE utf8mb4_unicode_ci DEFAULT NULL,
  `slide` varchar(255) COLLATE utf8mb4_unicode_ci DEFAULT NULL,
  `course_id` bigint(20) unsigned NOT NULL,
  `created_at` timestamp NULL DEFAULT NULL,
  `updated_at` timestamp NULL DEFAULT NULL,
  PRIMARY KEY (`id`),
  KEY `lectures_course_id_foreign` (`course_id`),
  CONSTRAINT `lectures_course_id_foreign` FOREIGN KEY (`course_id`) REFERENCES `courses` (`id`)
) ENGINE=InnoDB AUTO_INCREMENT=3 DEFAULT CHARSET=utf8mb4 COLLATE=utf8mb4_unicode_ci;
/*!40101 SET character_set_client = @saved_cs_client */;

--
-- Dumping data for table `lectures`
--

LOCK TABLES `lectures` WRITE;
/*!40000 ALTER TABLE `lectures` DISABLE KEYS */;
INSERT INTO `lectures` VALUES (1,'Tu vung',NULL,'/storage/slide/16/1587787124第01回_【文法】_N2対策コース_模擬テスト①_.pdf',16,'2020-04-25 03:58:44','2020-04-25 03:58:44'),(2,'Ngu phap',NULL,'/storage/slide/16/1587787124第1回_ 【読解】_N2対策コース_模擬テスト①.pdf',16,'2020-04-25 03:58:44','2020-04-25 03:58:44');
/*!40000 ALTER TABLE `lectures` ENABLE KEYS */;
UNLOCK TABLES;

--
-- Table structure for table `migrations`
--

DROP TABLE IF EXISTS `migrations`;
/*!40101 SET @saved_cs_client     = @@character_set_client */;
/*!40101 SET character_set_client = utf8 */;
CREATE TABLE `migrations` (
  `id` int(10) unsigned NOT NULL AUTO_INCREMENT,
  `migration` varchar(255) COLLATE utf8mb4_unicode_ci NOT NULL,
  `batch` int(11) NOT NULL,
  PRIMARY KEY (`id`)
) ENGINE=InnoDB AUTO_INCREMENT=389 DEFAULT CHARSET=utf8mb4 COLLATE=utf8mb4_unicode_ci;
/*!40101 SET character_set_client = @saved_cs_client */;

--
-- Dumping data for table `migrations`
--

LOCK TABLES `migrations` WRITE;
/*!40000 ALTER TABLE `migrations` DISABLE KEYS */;
INSERT INTO `migrations` VALUES (359,'2020_04_15_160421_add_role_to_users_table',1),(375,'2014_10_12_000000_create_users_table',2),(376,'2014_10_12_100000_create_password_resets_table',2),(377,'2020_03_05_082517_add_column_users_table',2),(378,'2020_03_05_083119_create_teachers_table',2),(379,'2020_03_05_083541_create_students_table',2),(380,'2020_03_05_083817_create_course_categories_table',2),(381,'2020_03_05_085130_create_courses_table',2),(382,'2020_03_05_090249_create_lectures_table',2),(383,'2020_03_05_093928_create_notes_table',2),(384,'2020_03_05_094122_create_enrolls_table',2),(385,'2020_03_05_094811_create_progresses_table',2),(386,'2020_04_11_035021_create_category_rules_table',2),(387,'2020_04_15_155557_add_avatar_to_users_table',2),(388,'2020_04_23_170743_create_configs_table',2);
/*!40000 ALTER TABLE `migrations` ENABLE KEYS */;
UNLOCK TABLES;

--
-- Table structure for table `notes`
--

DROP TABLE IF EXISTS `notes`;
/*!40101 SET @saved_cs_client     = @@character_set_client */;
/*!40101 SET character_set_client = utf8 */;
CREATE TABLE `notes` (
  `id` bigint(20) unsigned NOT NULL AUTO_INCREMENT,
  `content` varchar(255) COLLATE utf8mb4_unicode_ci NOT NULL,
  `lecture_id` bigint(20) unsigned NOT NULL,
  `student_id` bigint(20) unsigned NOT NULL,
  `created_at` timestamp NULL DEFAULT NULL,
  `updated_at` timestamp NULL DEFAULT NULL,
  PRIMARY KEY (`id`),
  KEY `notes_lecture_id_foreign` (`lecture_id`),
  KEY `notes_student_id_foreign` (`student_id`),
  CONSTRAINT `notes_lecture_id_foreign` FOREIGN KEY (`lecture_id`) REFERENCES `lectures` (`id`),
  CONSTRAINT `notes_student_id_foreign` FOREIGN KEY (`student_id`) REFERENCES `students` (`id`)
) ENGINE=InnoDB DEFAULT CHARSET=utf8mb4 COLLATE=utf8mb4_unicode_ci;
/*!40101 SET character_set_client = @saved_cs_client */;

--
-- Dumping data for table `notes`
--

LOCK TABLES `notes` WRITE;
/*!40000 ALTER TABLE `notes` DISABLE KEYS */;
/*!40000 ALTER TABLE `notes` ENABLE KEYS */;
UNLOCK TABLES;

--
-- Table structure for table `password_resets`
--

DROP TABLE IF EXISTS `password_resets`;
/*!40101 SET @saved_cs_client     = @@character_set_client */;
/*!40101 SET character_set_client = utf8 */;
CREATE TABLE `password_resets` (
  `email` varchar(255) COLLATE utf8mb4_unicode_ci NOT NULL,
  `token` varchar(255) COLLATE utf8mb4_unicode_ci NOT NULL,
  `created_at` timestamp NULL DEFAULT NULL,
  KEY `password_resets_email_index` (`email`)
) ENGINE=InnoDB DEFAULT CHARSET=utf8mb4 COLLATE=utf8mb4_unicode_ci;
/*!40101 SET character_set_client = @saved_cs_client */;

--
-- Dumping data for table `password_resets`
--

LOCK TABLES `password_resets` WRITE;
/*!40000 ALTER TABLE `password_resets` DISABLE KEYS */;
/*!40000 ALTER TABLE `password_resets` ENABLE KEYS */;
UNLOCK TABLES;

--
-- Table structure for table `progresses`
--

DROP TABLE IF EXISTS `progresses`;
/*!40101 SET @saved_cs_client     = @@character_set_client */;
/*!40101 SET character_set_client = utf8 */;
CREATE TABLE `progresses` (
  `id` bigint(20) unsigned NOT NULL AUTO_INCREMENT,
  `student_id` bigint(20) unsigned NOT NULL,
  `current_lecture_id` bigint(20) unsigned NOT NULL,
  `created_at` timestamp NULL DEFAULT NULL,
  `updated_at` timestamp NULL DEFAULT NULL,
  PRIMARY KEY (`id`),
  KEY `progresses_student_id_foreign` (`student_id`),
  KEY `progresses_current_lecture_id_foreign` (`current_lecture_id`),
  CONSTRAINT `progresses_current_lecture_id_foreign` FOREIGN KEY (`current_lecture_id`) REFERENCES `lectures` (`id`),
  CONSTRAINT `progresses_student_id_foreign` FOREIGN KEY (`student_id`) REFERENCES `students` (`id`)
) ENGINE=InnoDB DEFAULT CHARSET=utf8mb4 COLLATE=utf8mb4_unicode_ci;
/*!40101 SET character_set_client = @saved_cs_client */;

--
-- Dumping data for table `progresses`
--

LOCK TABLES `progresses` WRITE;
/*!40000 ALTER TABLE `progresses` DISABLE KEYS */;
/*!40000 ALTER TABLE `progresses` ENABLE KEYS */;
UNLOCK TABLES;

--
-- Table structure for table `students`
--

DROP TABLE IF EXISTS `students`;
/*!40101 SET @saved_cs_client     = @@character_set_client */;
/*!40101 SET character_set_client = utf8 */;
CREATE TABLE `students` (
  `id` bigint(20) unsigned NOT NULL AUTO_INCREMENT,
  `school` varchar(255) COLLATE utf8mb4_unicode_ci DEFAULT NULL,
  `major` varchar(255) COLLATE utf8mb4_unicode_ci DEFAULT NULL,
  `user_id` bigint(20) unsigned NOT NULL,
  `created_at` timestamp NULL DEFAULT NULL,
  `updated_at` timestamp NULL DEFAULT NULL,
  PRIMARY KEY (`id`),
  KEY `students_user_id_foreign` (`user_id`),
  CONSTRAINT `students_user_id_foreign` FOREIGN KEY (`user_id`) REFERENCES `users` (`id`)
) ENGINE=InnoDB AUTO_INCREMENT=238 DEFAULT CHARSET=utf8mb4 COLLATE=utf8mb4_unicode_ci;
/*!40101 SET character_set_client = @saved_cs_client */;

--
-- Dumping data for table `students`
--

LOCK TABLES `students` WRITE;
/*!40000 ALTER TABLE `students` DISABLE KEYS */;
INSERT INTO `students` VALUES (1,'Đại học Bách Khoa Hà Nội','CNTT',9,NULL,NULL),(2,'Đại học Bách Khoa Hà Nội','CNTT',10,NULL,NULL),(3,'Đại học Bách Khoa Hà Nội','CNTT',11,NULL,NULL),(4,'Đại học Bách Khoa Hà Nội','CNTT',12,NULL,NULL),(5,'Đại học Bách Khoa Hà Nội','CNTT',13,NULL,NULL),(6,'Đại học Bách Khoa Hà Nội','CNTT',14,NULL,NULL),(7,'Đại học Bách Khoa Hà Nội','CNTT',15,NULL,NULL),(8,'Đại học Bách Khoa Hà Nội','CNTT',16,NULL,NULL),(9,'Đại học Bách Khoa Hà Nội','CNTT',17,NULL,NULL),(10,'Đại học Bách Khoa Hà Nội','CNTT',18,NULL,NULL),(11,'Đại học Bách Khoa Hà Nội','CNTT',19,NULL,NULL),(12,'Đại học Bách Khoa Hà Nội','CNTT',20,NULL,NULL),(13,'Đại học Bách Khoa Hà Nội','CNTT',21,NULL,NULL),(14,'Đại học Bách Khoa Hà Nội','CNTT',22,NULL,NULL),(15,'Đại học Bách Khoa Hà Nội','CNTT',23,NULL,NULL),(16,'Đại học Bách Khoa Hà Nội','CNTT',24,NULL,NULL),(17,'Đại học Bách Khoa Hà Nội','CNTT',25,NULL,NULL),(18,'Đại học Bách Khoa Hà Nội','CNTT',26,NULL,NULL),(19,'Đại học Bách Khoa Hà Nội','CNTT',27,NULL,NULL),(20,'Đại học Bách Khoa Hà Nội','CNTT',28,NULL,NULL),(21,'Đại học Bách Khoa Hà Nội','CNTT',29,NULL,NULL),(22,'Đại học Bách Khoa Hà Nội','CNTT',30,NULL,NULL),(23,'Đại học Bách Khoa Hà Nội','CNTT',31,NULL,NULL),(24,'Đại học Bách Khoa Hà Nội','CNTT',32,NULL,NULL),(25,'Đại học Bách Khoa Hà Nội','CNTT',33,NULL,NULL),(26,'Đại học Bách Khoa Hà Nội','CNTT',34,NULL,NULL),(27,'Đại học Bách Khoa Hà Nội','CNTT',35,NULL,NULL),(28,'Đại học Bách Khoa Hà Nội','CNTT',36,NULL,NULL),(29,'Đại học Bách Khoa Hà Nội','CNTT',37,NULL,NULL),(30,'Đại học Bách Khoa Hà Nội','CNTT',38,NULL,NULL),(31,'Đại học Bách Khoa Hà Nội','CNTT',39,NULL,NULL),(32,'Đại học Bách Khoa Hà Nội','CNTT',40,NULL,NULL),(33,'Đại học Bách Khoa Hà Nội','CNTT',41,NULL,NULL),(34,'Đại học Bách Khoa Hà Nội','CNTT',42,NULL,NULL),(35,'Đại học Bách Khoa Hà Nội','CNTT',43,NULL,NULL),(36,'Đại học Bách Khoa Hà Nội','CNTT',44,NULL,NULL),(37,'Đại học Bách Khoa Hà Nội','CNTT',45,NULL,NULL),(38,'Đại học Bách Khoa Hà Nội','CNTT',46,NULL,NULL),(39,'Đại học Bách Khoa Hà Nội','CNTT',47,NULL,NULL),(40,'Đại học Bách Khoa Hà Nội','CNTT',48,NULL,NULL),(41,'Đại học Bách Khoa Hà Nội','CNTT',49,NULL,NULL),(42,'Đại học Bách Khoa Hà Nội','CNTT',50,NULL,NULL),(43,'Đại học Bách Khoa Hà Nội','CNTT',51,NULL,NULL),(44,'Đại học Bách Khoa Hà Nội','CNTT',52,NULL,NULL),(45,'Đại học Bách Khoa Hà Nội','CNTT',53,NULL,NULL),(46,'Đại học Bách Khoa Hà Nội','CNTT',54,NULL,NULL),(47,'Đại học Bách Khoa Hà Nội','CNTT',55,NULL,NULL),(48,'Đại học Bách Khoa Hà Nội','CNTT',56,NULL,NULL),(49,'Đại học Bách Khoa Hà Nội','CNTT',57,NULL,NULL),(50,'Đại học Bách Khoa Hà Nội','CNTT',58,NULL,NULL),(51,'Đại học Bách Khoa Hà Nội','CNTT',59,NULL,NULL),(52,'Đại học Bách Khoa Hà Nội','CNTT',60,NULL,NULL),(53,'Đại học Bách Khoa Hà Nội','CNTT',61,NULL,NULL),(54,'Đại học Bách Khoa Hà Nội','CNTT',62,NULL,NULL),(55,'Đại học Bách Khoa Hà Nội','CNTT',63,NULL,NULL),(56,'Đại học Bách Khoa Hà Nội','CNTT',64,NULL,NULL),(57,'Đại học Bách Khoa Hà Nội','CNTT',65,NULL,NULL),(58,'Đại học Bách Khoa Hà Nội','CNTT',66,NULL,NULL),(59,'Đại học Bách Khoa Hà Nội','CNTT',67,NULL,NULL),(60,'Đại học Bách Khoa Hà Nội','CNTT',68,NULL,NULL),(61,'Đại học Bách Khoa Hà Nội','CNTT',69,NULL,NULL),(62,'Đại học Bách Khoa Hà Nội','CNTT',70,NULL,NULL),(63,'Đại học Bách Khoa Hà Nội','CNTT',71,NULL,NULL),(64,'Đại học Bách Khoa Hà Nội','CNTT',72,NULL,NULL),(65,'Đại học Bách Khoa Hà Nội','CNTT',73,NULL,NULL),(66,'Đại học Bách Khoa Hà Nội','CNTT',74,NULL,NULL),(67,'Đại học Bách Khoa Hà Nội','CNTT',75,NULL,NULL),(68,'Đại học Bách Khoa Hà Nội','CNTT',76,NULL,NULL),(69,'Đại học Bách Khoa Hà Nội','CNTT',77,NULL,NULL),(70,'Đại học Bách Khoa Hà Nội','CNTT',78,NULL,NULL),(71,'Đại học Bách Khoa Hà Nội','CNTT',79,NULL,NULL),(72,'Đại học Bách Khoa Hà Nội','CNTT',80,NULL,NULL),(73,'Đại học Bách Khoa Hà Nội','CNTT',81,NULL,NULL),(74,'Đại học Bách Khoa Hà Nội','CNTT',82,NULL,NULL),(75,'Đại học Bách Khoa Hà Nội','CNTT',83,NULL,NULL),(76,'Đại học Bách Khoa Hà Nội','CNTT',84,NULL,NULL),(77,'Đại học Bách Khoa Hà Nội','CNTT',85,NULL,NULL),(78,'Đại học Bách Khoa Hà Nội','CNTT',86,NULL,NULL),(79,'Đại học Bách Khoa Hà Nội','CNTT',87,NULL,NULL),(80,'Đại học Bách Khoa Hà Nội','CNTT',88,NULL,NULL),(81,'Đại học Bách Khoa Hà Nội','CNTT',89,NULL,NULL),(82,'Đại học Bách Khoa Hà Nội','CNTT',90,NULL,NULL),(83,'Đại học Bách Khoa Hà Nội','CNTT',91,NULL,NULL),(84,'Đại học Bách Khoa Hà Nội','CNTT',92,NULL,NULL),(85,'Đại học Bách Khoa Hà Nội','CNTT',93,NULL,NULL),(86,'Đại học Bách Khoa Hà Nội','CNTT',94,NULL,NULL),(87,'Đại học Bách Khoa Hà Nội','CNTT',95,NULL,NULL),(88,'Đại học Bách Khoa Hà Nội','CNTT',96,NULL,NULL),(89,'Đại học Bách Khoa Hà Nội','CNTT',97,NULL,NULL),(90,'Đại học Bách Khoa Hà Nội','CNTT',98,NULL,NULL),(91,'Đại học Bách Khoa Hà Nội','CNTT',99,NULL,NULL),(92,'Đại học Bách Khoa Hà Nội','CNTT',100,NULL,NULL),(93,'Đại học Bách Khoa Hà Nội','CNTT',101,NULL,NULL),(94,'Đại học Bách Khoa Hà Nội','CNTT',102,NULL,NULL),(95,'Đại học Bách Khoa Hà Nội','CNTT',103,NULL,NULL),(96,'Đại học Bách Khoa Hà Nội','CNTT',104,NULL,NULL),(97,'Đại học Bách Khoa Hà Nội','CNTT',105,NULL,NULL),(98,'Đại học Bách Khoa Hà Nội','CNTT',106,NULL,NULL),(99,'Đại học Bách Khoa Hà Nội','CNTT',107,NULL,NULL),(100,'Đại học Bách Khoa Hà Nội','CNTT',108,NULL,NULL),(101,'Đại học Bách Khoa Hà Nội','CNTT',109,NULL,NULL),(102,'Đại học Bách Khoa Hà Nội','CNTT',110,NULL,NULL),(103,'Đại học Bách Khoa Hà Nội','CNTT',111,NULL,NULL),(104,'Đại học Bách Khoa Hà Nội','CNTT',112,NULL,NULL),(105,'Đại học Bách Khoa Hà Nội','CNTT',113,NULL,NULL),(106,'Đại học Bách Khoa Hà Nội','CNTT',114,NULL,NULL),(107,'Đại học Bách Khoa Hà Nội','CNTT',115,NULL,NULL),(108,'Đại học Bách Khoa Hà Nội','CNTT',116,NULL,NULL),(109,'Đại học Bách Khoa Hà Nội','CNTT',117,NULL,NULL),(110,'Đại học Bách Khoa Hà Nội','CNTT',118,NULL,NULL),(111,'Đại học Bách Khoa Hà Nội','CNTT',119,NULL,NULL),(112,'Đại học Bách Khoa Hà Nội','CNTT',120,NULL,NULL),(113,'Đại học Bách Khoa Hà Nội','CNTT',121,NULL,NULL),(114,'Đại học Bách Khoa Hà Nội','CNTT',122,NULL,NULL),(115,'Đại học Bách Khoa Hà Nội','CNTT',123,NULL,NULL),(116,'Đại học Bách Khoa Hà Nội','CNTT',124,NULL,NULL),(117,'Đại học Bách Khoa Hà Nội','CNTT',125,NULL,NULL),(118,'Đại học Bách Khoa Hà Nội','CNTT',126,NULL,NULL),(119,'Đại học Bách Khoa Hà Nội','CNTT',127,NULL,NULL),(120,'Đại học Bách Khoa Hà Nội','CNTT',128,NULL,NULL),(121,'Đại học Bách Khoa Hà Nội','CNTT',129,NULL,NULL),(122,'Đại học Bách Khoa Hà Nội','CNTT',130,NULL,NULL),(123,'Đại học Bách Khoa Hà Nội','CNTT',131,NULL,NULL),(124,'Đại học Bách Khoa Hà Nội','CNTT',132,NULL,NULL),(125,'Đại học Bách Khoa Hà Nội','CNTT',133,NULL,NULL),(126,'Đại học Bách Khoa Hà Nội','CNTT',134,NULL,NULL),(127,'Đại học Bách Khoa Hà Nội','CNTT',135,NULL,NULL),(128,'Đại học Bách Khoa Hà Nội','CNTT',136,NULL,NULL),(129,'Đại học Bách Khoa Hà Nội','CNTT',137,NULL,NULL),(130,'Đại học Bách Khoa Hà Nội','CNTT',138,NULL,NULL),(131,'Đại học Bách Khoa Hà Nội','CNTT',139,NULL,NULL),(132,'Đại học Bách Khoa Hà Nội','CNTT',140,NULL,NULL),(133,'Đại học Bách Khoa Hà Nội','CNTT',141,NULL,NULL),(134,'Đại học Bách Khoa Hà Nội','CNTT',142,NULL,NULL),(135,'Đại học Bách Khoa Hà Nội','CNTT',143,NULL,NULL),(136,'Đại học Bách Khoa Hà Nội','CNTT',144,NULL,NULL),(137,'Đại học Bách Khoa Hà Nội','CNTT',145,NULL,NULL),(138,'Đại học Bách Khoa Hà Nội','CNTT',146,NULL,NULL),(139,'Đại học Bách Khoa Hà Nội','CNTT',147,NULL,NULL),(140,'Đại học Bách Khoa Hà Nội','CNTT',148,NULL,NULL),(141,'Đại học Bách Khoa Hà Nội','CNTT',149,NULL,NULL),(142,'Đại học Bách Khoa Hà Nội','CNTT',150,NULL,NULL),(143,'Đại học Bách Khoa Hà Nội','CNTT',151,NULL,NULL),(144,'Đại học Bách Khoa Hà Nội','CNTT',152,NULL,NULL),(145,'Đại học Bách Khoa Hà Nội','CNTT',153,NULL,NULL),(146,'Đại học Bách Khoa Hà Nội','CNTT',154,NULL,NULL),(147,'Đại học Bách Khoa Hà Nội','CNTT',155,NULL,NULL),(148,'Đại học Bách Khoa Hà Nội','CNTT',156,NULL,NULL),(149,'Đại học Bách Khoa Hà Nội','CNTT',157,NULL,NULL),(150,'Đại học Bách Khoa Hà Nội','CNTT',158,NULL,NULL),(151,'Đại học Bách Khoa Hà Nội','CNTT',159,NULL,NULL),(152,'Đại học Bách Khoa Hà Nội','CNTT',160,NULL,NULL),(153,'Đại học Bách Khoa Hà Nội','CNTT',161,NULL,NULL),(154,'Đại học Bách Khoa Hà Nội','CNTT',162,NULL,NULL),(155,'Đại học Bách Khoa Hà Nội','CNTT',163,NULL,NULL),(156,'Đại học Bách Khoa Hà Nội','CNTT',164,NULL,NULL),(157,'Đại học Bách Khoa Hà Nội','CNTT',165,NULL,NULL),(158,'Đại học Bách Khoa Hà Nội','CNTT',166,NULL,NULL),(159,'Đại học Bách Khoa Hà Nội','CNTT',167,NULL,NULL),(160,'Đại học Bách Khoa Hà Nội','CNTT',168,NULL,NULL),(161,'Đại học Bách Khoa Hà Nội','CNTT',169,NULL,NULL),(162,'Đại học Bách Khoa Hà Nội','CNTT',170,NULL,NULL),(163,'Đại học Bách Khoa Hà Nội','CNTT',171,NULL,NULL),(164,'Đại học Bách Khoa Hà Nội','CNTT',172,NULL,NULL),(165,'Đại học Bách Khoa Hà Nội','CNTT',173,NULL,NULL),(166,'Đại học Bách Khoa Hà Nội','CNTT',174,NULL,NULL),(167,'Đại học Bách Khoa Hà Nội','CNTT',175,NULL,NULL),(168,'Đại học Bách Khoa Hà Nội','CNTT',176,NULL,NULL),(169,'Đại học Bách Khoa Hà Nội','CNTT',177,NULL,NULL),(170,'Đại học Bách Khoa Hà Nội','CNTT',178,NULL,NULL),(171,'Đại học Bách Khoa Hà Nội','CNTT',179,NULL,NULL),(172,'Đại học Bách Khoa Hà Nội','CNTT',180,NULL,NULL),(173,'Đại học Bách Khoa Hà Nội','CNTT',181,NULL,NULL),(174,'Đại học Bách Khoa Hà Nội','CNTT',182,NULL,NULL),(175,'Đại học Bách Khoa Hà Nội','CNTT',183,NULL,NULL),(176,'Đại học Bách Khoa Hà Nội','CNTT',184,NULL,NULL),(177,'Đại học Bách Khoa Hà Nội','CNTT',185,NULL,NULL),(178,'Đại học Bách Khoa Hà Nội','CNTT',186,NULL,NULL),(179,'Đại học Bách Khoa Hà Nội','CNTT',187,NULL,NULL),(180,'Đại học Bách Khoa Hà Nội','CNTT',188,NULL,NULL),(181,'Đại học Bách Khoa Hà Nội','CNTT',189,NULL,NULL),(182,'Đại học Bách Khoa Hà Nội','CNTT',190,NULL,NULL),(183,'Đại học Bách Khoa Hà Nội','CNTT',191,NULL,NULL),(184,'Đại học Bách Khoa Hà Nội','CNTT',192,NULL,NULL),(185,'Đại học Bách Khoa Hà Nội','CNTT',193,NULL,NULL),(186,'Đại học Bách Khoa Hà Nội','CNTT',194,NULL,NULL),(187,'Đại học Bách Khoa Hà Nội','CNTT',195,NULL,NULL),(188,'Đại học Bách Khoa Hà Nội','CNTT',196,NULL,NULL),(189,'Đại học Bách Khoa Hà Nội','CNTT',197,NULL,NULL),(190,'Đại học Bách Khoa Hà Nội','CNTT',198,NULL,NULL),(191,'Đại học Bách Khoa Hà Nội','CNTT',199,NULL,NULL),(192,'Đại học Bách Khoa Hà Nội','CNTT',200,NULL,NULL),(193,'Đại học Bách Khoa Hà Nội','CNTT',201,NULL,NULL),(194,'Đại học Bách Khoa Hà Nội','CNTT',202,NULL,NULL),(195,'Đại học Bách Khoa Hà Nội','CNTT',203,NULL,NULL),(196,'Đại học Bách Khoa Hà Nội','CNTT',204,NULL,NULL),(197,'Đại học Bách Khoa Hà Nội','CNTT',205,NULL,NULL),(198,'Đại học Bách Khoa Hà Nội','CNTT',206,NULL,NULL),(199,'Đại học Bách Khoa Hà Nội','CNTT',207,NULL,NULL),(200,'Đại học Bách Khoa Hà Nội','CNTT',208,NULL,NULL),(201,'Đại học Bách Khoa Hà Nội','CNTT',209,NULL,NULL),(202,'Đại học Bách Khoa Hà Nội','CNTT',210,NULL,NULL),(203,'Đại học Bách Khoa Hà Nội','CNTT',211,NULL,NULL),(204,'Đại học Bách Khoa Hà Nội','CNTT',212,NULL,NULL),(205,'Đại học Bách Khoa Hà Nội','CNTT',213,NULL,NULL),(206,'Đại học Bách Khoa Hà Nội','CNTT',214,NULL,NULL),(207,'Đại học Bách Khoa Hà Nội','CNTT',215,NULL,NULL),(208,'Đại học Bách Khoa Hà Nội','CNTT',216,NULL,NULL),(209,'Đại học Bách Khoa Hà Nội','CNTT',217,NULL,NULL),(210,'Đại học Bách Khoa Hà Nội','CNTT',218,NULL,NULL),(211,'Đại học Bách Khoa Hà Nội','CNTT',219,NULL,NULL),(212,'Đại học Bách Khoa Hà Nội','CNTT',220,NULL,NULL),(213,'Đại học Bách Khoa Hà Nội','CNTT',221,NULL,NULL),(214,'Đại học Bách Khoa Hà Nội','CNTT',222,NULL,NULL),(215,'Đại học Bách Khoa Hà Nội','CNTT',223,NULL,NULL),(216,'Đại học Bách Khoa Hà Nội','CNTT',224,NULL,NULL),(217,'Đại học Bách Khoa Hà Nội','CNTT',225,NULL,NULL),(218,'Đại học Bách Khoa Hà Nội','CNTT',226,NULL,NULL),(219,'Đại học Bách Khoa Hà Nội','CNTT',227,NULL,NULL),(220,'Đại học Bách Khoa Hà Nội','CNTT',228,NULL,NULL),(221,'Đại học Bách Khoa Hà Nội','CNTT',229,NULL,NULL),(222,'Đại học Bách Khoa Hà Nội','CNTT',230,NULL,NULL),(223,'Đại học Bách Khoa Hà Nội','CNTT',231,NULL,NULL),(224,'Đại học Bách Khoa Hà Nội','CNTT',232,NULL,NULL),(225,'Đại học Bách Khoa Hà Nội','CNTT',233,NULL,NULL),(226,'Đại học Bách Khoa Hà Nội','CNTT',234,NULL,NULL),(227,'Đại học Bách Khoa Hà Nội','CNTT',235,NULL,NULL),(228,'Đại học Bách Khoa Hà Nội','CNTT',236,NULL,NULL),(229,'Đại học Bách Khoa Hà Nội','CNTT',237,NULL,NULL),(230,'Đại học Bách Khoa Hà Nội','CNTT',238,NULL,NULL),(231,'Đại học Bách Khoa Hà Nội','CNTT',239,NULL,NULL),(232,'Đại học Bách Khoa Hà Nội','CNTT',240,NULL,NULL),(233,'Đại học Bách Khoa Hà Nội','CNTT',241,NULL,NULL),(234,'Đại học Bách Khoa Hà Nội','CNTT',242,NULL,NULL),(235,'Đại học Bách Khoa Hà Nội','CNTT',243,NULL,NULL),(236,'Đại học Bách Khoa Hà Nội','CNTT',244,NULL,NULL),(237,NULL,NULL,245,'2020-04-25 03:55:38','2020-04-25 03:55:38');
/*!40000 ALTER TABLE `students` ENABLE KEYS */;
UNLOCK TABLES;

--
-- Table structure for table `teachers`
--

DROP TABLE IF EXISTS `teachers`;
/*!40101 SET @saved_cs_client     = @@character_set_client */;
/*!40101 SET character_set_client = utf8 */;
CREATE TABLE `teachers` (
  `id` bigint(20) unsigned NOT NULL AUTO_INCREMENT,
  `workplace` varchar(255) COLLATE utf8mb4_unicode_ci DEFAULT NULL,
  `expert` varchar(255) COLLATE utf8mb4_unicode_ci DEFAULT NULL,
  `user_id` bigint(20) unsigned NOT NULL,
  `created_at` timestamp NULL DEFAULT NULL,
  `updated_at` timestamp NULL DEFAULT NULL,
  PRIMARY KEY (`id`),
  KEY `teachers_user_id_foreign` (`user_id`),
  CONSTRAINT `teachers_user_id_foreign` FOREIGN KEY (`user_id`) REFERENCES `users` (`id`)
) ENGINE=InnoDB AUTO_INCREMENT=8 DEFAULT CHARSET=utf8mb4 COLLATE=utf8mb4_unicode_ci;
/*!40101 SET character_set_client = @saved_cs_client */;

--
-- Dumping data for table `teachers`
--

LOCK TABLES `teachers` WRITE;
/*!40000 ALTER TABLE `teachers` DISABLE KEYS */;
INSERT INTO `teachers` VALUES (1,'Đại học Bách Khoa Hà Nội','Giảng viên',2,NULL,NULL),(2,'Đại học Bách Khoa Hà Nội','Giảng viên',3,NULL,NULL),(3,'Đại học Bách Khoa Hà Nội','Tiến sỹ',4,NULL,NULL),(4,'Đại học Bách Khoa Hà Nội','Giảng viên',5,NULL,NULL),(5,'Đại học Bách Khoa Hà Nội','Giảng viên',6,NULL,NULL),(6,'Đại học Bách Khoa Hà Nội','Tiến sỹ',7,NULL,NULL),(7,'Đại học Bách Khoa Hà Nội','Giảng viên',8,NULL,NULL);
/*!40000 ALTER TABLE `teachers` ENABLE KEYS */;
UNLOCK TABLES;

--
-- Table structure for table `users`
--

DROP TABLE IF EXISTS `users`;
/*!40101 SET @saved_cs_client     = @@character_set_client */;
/*!40101 SET character_set_client = utf8 */;
CREATE TABLE `users` (
  `id` bigint(20) unsigned NOT NULL AUTO_INCREMENT,
  `name` varchar(255) COLLATE utf8mb4_unicode_ci NOT NULL,
  `email` varchar(255) COLLATE utf8mb4_unicode_ci NOT NULL,
  `email_verified_at` timestamp NULL DEFAULT NULL,
  `password` varchar(255) COLLATE utf8mb4_unicode_ci NOT NULL,
  `remember_token` varchar(100) COLLATE utf8mb4_unicode_ci DEFAULT NULL,
  `created_at` timestamp NULL DEFAULT NULL,
  `updated_at` timestamp NULL DEFAULT NULL,
  `first_name` varchar(30) COLLATE utf8mb4_unicode_ci DEFAULT NULL,
  `last_name` varchar(30) COLLATE utf8mb4_unicode_ci DEFAULT NULL,
  `role_id` int(11) NOT NULL DEFAULT '0',
  `phone` varchar(30) COLLATE utf8mb4_unicode_ci DEFAULT NULL,
  `avatar` varchar(255) COLLATE utf8mb4_unicode_ci DEFAULT NULL,
  PRIMARY KEY (`id`),
  UNIQUE KEY `users_email_unique` (`email`)
) ENGINE=InnoDB AUTO_INCREMENT=246 DEFAULT CHARSET=utf8mb4 COLLATE=utf8mb4_unicode_ci;
/*!40101 SET character_set_client = @saved_cs_client */;

--
-- Dumping data for table `users`
--

LOCK TABLES `users` WRITE;
/*!40000 ALTER TABLE `users` DISABLE KEYS */;
INSERT INTO `users` VALUES (1,'Admin','admin@gmail.com','2020-04-25 03:45:15','$2y$10$pdqMke9FGWGBwF8UUSsx5uSMiE.ohTFRuWOhYsnaOkm38X91fMNPm',NULL,NULL,NULL,NULL,NULL,2,NULL,NULL),(2,'Admin teacher','admin_teacher@gmail.com','2020-04-25 03:45:15','$2y$10$Zlw/z00CIzMkdHvijs.5VOv2DiDDkyLfwuB6TayaZwqhxiezUiqrO',NULL,NULL,NULL,NULL,NULL,1,NULL,NULL),(3,'Thang Nguyen','thang123@gmail.com','2020-04-25 03:45:15','$2y$10$pTHWvkWWvtDp.9d0QRUb7u99HGny5NqxTvZ7yiAL34/hX50HnAiQW',NULL,NULL,NULL,NULL,NULL,1,NULL,NULL),(4,'Trung Nguyen','trung123@gmail.com','2020-04-25 03:45:15','$2y$10$WGbHoByF1Gtwy6MGmeUSve78KMkFHkQBl291xuEIKHBjqTIp3TTW6',NULL,NULL,NULL,NULL,NULL,1,NULL,NULL),(5,'Duc Nguyen','duc123@gmail.com','2020-04-25 03:45:15','$2y$10$vG6mdTj07CVy60aYKOOEFOh01zPG82RaFDd6foTC0dFRrD49ukIEO',NULL,NULL,NULL,NULL,NULL,1,NULL,NULL),(6,'Dat Nguyen','dat123@gmail.com','2020-04-25 03:45:15','$2y$10$zW//aSLlRvrJvpyzBFH.NOuQniJEHx5tRNN3B7AfDLQXdISQwOow6',NULL,NULL,NULL,NULL,NULL,1,NULL,NULL),(7,'Quang Nguyen','quang123@gmail.com','2020-04-25 03:45:15','$2y$10$VtyqaVKYIbCemXzMr090s.vAV8bXPfHQpdDvjilumSEVkAFrQzkN2',NULL,NULL,NULL,NULL,NULL,1,NULL,NULL),(8,'Giang Nguyen','giang123@gmail.com','2020-04-25 03:45:15','$2y$10$mRl9ry1CZ2hPPrtnKvLtXuqFDpNZHDMlz42MrBpEaw7phsb366ixO',NULL,NULL,NULL,NULL,NULL,1,NULL,NULL),(9,'user1','user1@gmail.com','2020-04-25 03:45:15','$2y$10$e8P4xDOrEilQ.z0yjsvGa.mDUrDnEVKg2uBsaLYPLpBopjaRYerdC',NULL,NULL,NULL,'Janet','Young',0,NULL,NULL),(10,'user2','user2@gmail.com','2020-04-25 03:45:15','$2y$10$I7wlTVdRqaCqHs2MzwPulesqmTDG33lqrvUE.vJ5GKDCujaSNH0PO',NULL,NULL,NULL,'Gary','Fuentes',0,NULL,NULL),(11,'user3','user3@gmail.com','2020-04-25 03:45:16','$2y$10$Tyi40V39ZBAKGG/LF1L3B.VaHHHGfnnc4FyOFGFUsYEYZT3yjTe4a',NULL,NULL,NULL,'Tamie','Graham',0,NULL,NULL),(12,'user4','user4@gmail.com','2020-04-25 03:45:16','$2y$10$OEuvoTZRtT5qqLWZyZzV2Oi5CgSFZYnsUUrfq/8nDhsphWTeuU0AS',NULL,NULL,NULL,'Ruth','Spencer',0,NULL,NULL),(13,'user5','user5@gmail.com','2020-04-25 03:45:16','$2y$10$wrP7ce/1NAtQ0WM7SmZAR.zmeIYuzpOIFVHL3X3pgFuUT9RTeXQ1a',NULL,NULL,NULL,'Annie','Primm',0,NULL,NULL),(14,'user6','user6@gmail.com','2020-04-25 03:45:16','$2y$10$g9UzwQ4XmurlARWsARr.ku5mHeAxiWdds2RQrRGg0xQkEQGNOH.gO',NULL,NULL,NULL,'Ruth','Stone',0,NULL,NULL),(15,'user7','user7@gmail.com','2020-04-25 03:45:16','$2y$10$JsX5hd8dql3cKlILypAPWOAn.mBAN/5ugvUnS91cSBMmA812hp4KW',NULL,NULL,NULL,'John','Cross',0,NULL,NULL),(16,'user8','user8@gmail.com','2020-04-25 03:45:16','$2y$10$fPWGBlsoVqIiTFjDwz.G7eaaPUnRHEkCDkn2elleNywDQa1mdJw1u',NULL,NULL,NULL,'Julie','Knox',0,NULL,NULL),(17,'user9','user9@gmail.com','2020-04-25 03:45:16','$2y$10$9xdlt94IcftBc44SiF1bR.7Ue30L2UxfUXAM1J40oHzzHXhM/hSFu',NULL,NULL,NULL,'Alfred','Bierman',0,NULL,NULL),(18,'user10','user10@gmail.com','2020-04-25 03:45:16','$2y$10$aTV46QhSFJocIJ1XVhe3Le9G6DZbgaBL38RjhBhDIbbAtLFqIw6ve',NULL,NULL,NULL,'Jessica','Mcpherson',0,NULL,NULL),(19,'user11','user11@gmail.com','2020-04-25 03:45:16','$2y$10$ZplLPx3EN8EECW7HY5cequOL7tIS2hIToszberiEkWM.Uhnnl7/G.',NULL,NULL,NULL,'Robert','Yuste',0,NULL,NULL),(20,'user12','user12@gmail.com','2020-04-25 03:45:16','$2y$10$hTLou7O1oZXtHDTS98fAZ.jEenxRToV1pt/uiGPW6F9vmlTMbYckq',NULL,NULL,NULL,'Erick','Kelly',0,NULL,NULL),(21,'user13','user13@gmail.com','2020-04-25 03:45:16','$2y$10$5zNQ.UTZ6ud0zPL2K/bwoeO2UTZ9JC9EfhzS9cAEdfMLOJuGFwpPe',NULL,NULL,NULL,'June','Beasley',0,NULL,NULL),(22,'user14','user14@gmail.com','2020-04-25 03:45:16','$2y$10$plOnn/DLvGFkBVB88lSl3O6jL5sHAkQqm.XDzWuNOtTCrn8Rq4jOy',NULL,NULL,NULL,'April','Starnes',0,NULL,NULL),(23,'user15','user15@gmail.com','2020-04-25 03:45:16','$2y$10$NkMVdbhes8KN9juATtIvNeU8KZOMs9HG.R3yw8HOF64n560I39gN2',NULL,NULL,NULL,'Annette','Jones',0,NULL,NULL),(24,'user16','user16@gmail.com','2020-04-25 03:45:16','$2y$10$ruTpRBjn98wGqUWr3ePKG.qSnGUc.4AXouARyu55O5j/f7QZt0q7q',NULL,NULL,NULL,'Jessica','Tafel',0,NULL,NULL),(25,'user17','user17@gmail.com','2020-04-25 03:45:16','$2y$10$vOEp1bKvQ346cYeKFd.0/e8NIRKDjfQY5ti4qNm2c.KLwK.e142.e',NULL,NULL,NULL,'Carolyn','Little',0,NULL,NULL),(26,'user18','user18@gmail.com','2020-04-25 03:45:16','$2y$10$3B92t8cvWYleUBhIFd1MDeLOu3ceOwtxAR96dcAz0.xZCchkIVYQ6',NULL,NULL,NULL,'Claretha','Marquez',0,NULL,NULL),(27,'user19','user19@gmail.com','2020-04-25 03:45:16','$2y$10$ER.J85btrgwB0V0hgtyKke1t2JAWoCWi.7447OotVh4ZIbvP0lo92',NULL,NULL,NULL,'Timothy','Larabee',0,NULL,NULL),(28,'user20','user20@gmail.com','2020-04-25 03:45:16','$2y$10$VY.Y1T5u4/pPxzVYYj8lEuX8G9WY52Hlg/kSn3NTtaPl3MTMAdjbq',NULL,NULL,NULL,'Johnny','Polk',0,NULL,NULL),(29,'user21','user21@gmail.com','2020-04-25 03:45:16','$2y$10$C8ntI6QTxK6covJVBb03fOcWq.m3dM6euy3XB.3PAbJIpDtdnAcxa',NULL,NULL,NULL,'Nancy','Roberts',0,NULL,NULL),(30,'user22','user22@gmail.com','2020-04-25 03:45:16','$2y$10$CAX8VFkXOE58INohzj5SLu.ec.EsMtiG5MA03wAZ1vrDAa8EGlNAK',NULL,NULL,NULL,'Thomas','Mitchel',0,NULL,NULL),(31,'user23','user23@gmail.com','2020-04-25 03:45:17','$2y$10$bAVw/DdjdGEm2v6dMyyJD.nqgkWCXT/OFNG.tELOjvWGwkezqGL/G',NULL,NULL,NULL,'Richard','Fergus',0,NULL,NULL),(32,'user24','user24@gmail.com','2020-04-25 03:45:17','$2y$10$j7oi81q/I6AB/aApFTQ0KuQBsETNddEa44Cy1OhHpqFwT4H3HToJ6',NULL,NULL,NULL,'Henry','Bennett',0,NULL,NULL),(33,'user25','user25@gmail.com','2020-04-25 03:45:17','$2y$10$j0W9e9fUq0ykhosfF2uzPuv4rRTpR5UtPXxIKW703eJQtuyAjYvUu',NULL,NULL,NULL,'Chad','Gray',0,NULL,NULL),(34,'user26','user26@gmail.com','2020-04-25 03:45:17','$2y$10$uYKqsCYje.LV0veUg/aSXOGKWxVH0kGzYAJN0l28YjMpAJPBdboM6',NULL,NULL,NULL,'Lauren','Garcia',0,NULL,NULL),(35,'user27','user27@gmail.com','2020-04-25 03:45:17','$2y$10$nfffMvHsrdKZMFFvSnz8LOdDyaX6c5YaB7MNGZRsOflKbSg.XMK0K',NULL,NULL,NULL,'Craig','Amaya',0,NULL,NULL),(36,'user28','user28@gmail.com','2020-04-25 03:45:17','$2y$10$G3EU.DRfiR8wORk.inSY9eimMvZdj.t6j5vCHgiV6sfjsbzeCCG6a',NULL,NULL,NULL,'Alex','Perry',0,NULL,NULL),(37,'user29','user29@gmail.com','2020-04-25 03:45:17','$2y$10$LgsPr.dSdH7LC2F/dt4se.OkYK9254kQvxA7MtL9q0Y.qHZA0xegC',NULL,NULL,NULL,'John','Knaub',0,NULL,NULL),(38,'user30','user30@gmail.com','2020-04-25 03:45:17','$2y$10$5W8uLxDV/USMiqAq1/boy.0/5iC1o75ACW/ZCL4Sgfvfx7FVGM6Ly',NULL,NULL,NULL,'Nathan','Slater',0,NULL,NULL),(39,'user31','user31@gmail.com','2020-04-25 03:45:17','$2y$10$Atg.3QplAmDesSPi4eg7pON4.M0XFPqTiUlelJKkwL7VMuYxu9TTK',NULL,NULL,NULL,'Nancy','Robinson',0,NULL,NULL),(40,'user32','user32@gmail.com','2020-04-25 03:45:17','$2y$10$nIAXtj73UnAPS.oTQv8XZujNSdqEaGHFAj5KqohFd5bz6tYKeNXwi',NULL,NULL,NULL,'Walter','Carney',0,NULL,NULL),(41,'user33','user33@gmail.com','2020-04-25 03:45:17','$2y$10$dvD7zcprfSh78PiTCPKo6.stPITr/T0k019F0fFlF0uo.em15logG',NULL,NULL,NULL,'Colleen','Kimpel',0,NULL,NULL),(42,'user34','user34@gmail.com','2020-04-25 03:45:17','$2y$10$FWBf1LuDOJWoyrNqGzVFp.eyUiPcuhEbukdHb7RQGgInjSZmBscAq',NULL,NULL,NULL,'Wendell','Watts',0,NULL,NULL),(43,'user35','user35@gmail.com','2020-04-25 03:45:17','$2y$10$oqerQ6fBpqKXqYm3R9fHN.4v9JZ.FLMTwxVJKC6M3ai8QQDAlMZTi',NULL,NULL,NULL,'Kellie','Carter',0,NULL,NULL),(44,'user36','user36@gmail.com','2020-04-25 03:45:17','$2y$10$tlafhtTNdHRAHQhA1NR15uDjAeyTuJVtOQv3B4kHoFKbqlzCRPxg6',NULL,NULL,NULL,'Dalton','Williams',0,NULL,NULL),(45,'user37','user37@gmail.com','2020-04-25 03:45:17','$2y$10$46Fu0CrJcF0/6uKUUGX0m.qEhPrWevh5gfViJ1sA6VFT/O2ZP8iSi',NULL,NULL,NULL,'Douglas','Steele',0,NULL,NULL),(46,'user38','user38@gmail.com','2020-04-25 03:45:17','$2y$10$M5d6Fjoww/HpDM9LzvI/ze6LCEI1CSoNhjBov1Hgc4Dz1M/DK8Sx6',NULL,NULL,NULL,'Alice','Spears',0,NULL,NULL),(47,'user39','user39@gmail.com','2020-04-25 03:45:17','$2y$10$zBKWvKCJQvv7lIThBKigx.PChgZcTAft8m0oAgdDou1fMtT0vZ65a',NULL,NULL,NULL,'Mary','Miller',0,NULL,NULL),(48,'user40','user40@gmail.com','2020-04-25 03:45:17','$2y$10$nX8iiPe56WNfvJFr7eXdMe4ph7luYgaGckNMz4uX6RQjyp5KFq.lW',NULL,NULL,NULL,'Mark','Rohrs',0,NULL,NULL),(49,'user41','user41@gmail.com','2020-04-25 03:45:17','$2y$10$Vc9oKhUG4MqD/jbyGKrs2u7seWtg9JbvpRjEU4ZWrKduHYe1Gko02',NULL,NULL,NULL,'Shirley','Scanlon',0,NULL,NULL),(50,'user42','user42@gmail.com','2020-04-25 03:45:17','$2y$10$KJYHYxyPgNE3nF7i/nkEqe3Fu3FRHpvQWXsRVLFvEa.A.DZe8e0xu',NULL,NULL,NULL,'Cassidy','Beauchesne',0,NULL,NULL),(51,'user43','user43@gmail.com','2020-04-25 03:45:18','$2y$10$44K1Hyr.hMmYMQV7NDVJeudoevtw.YXWcMPSEEWJLJ8TxGusyC/w2',NULL,NULL,NULL,'Elizabeth','Orlando',0,NULL,NULL),(52,'user44','user44@gmail.com','2020-04-25 03:45:18','$2y$10$KO3ombpl6f9H0bPq7I.NoOuiCGQ/zmGuTvdxHBd94keYvEBEP66Lq',NULL,NULL,NULL,'Charles','Wyant',0,NULL,NULL),(53,'user45','user45@gmail.com','2020-04-25 03:45:18','$2y$10$ELKdOzA4Pn7MTV5ogNh6YeGQy/FlrZWZvYqKYYfszZysv4qmSxbf2',NULL,NULL,NULL,'Claire','Usry',0,NULL,NULL),(54,'user46','user46@gmail.com','2020-04-25 03:45:18','$2y$10$Au9omLdfrBevVVdRmYFB2ushEeb2vaw.ie3L4mTrzhVJ915/2zcwO',NULL,NULL,NULL,'Richard','Negrete',0,NULL,NULL),(55,'user47','user47@gmail.com','2020-04-25 03:45:18','$2y$10$lmLYLHz7hJVcZR5hs3O/3.5CzeKesHaJk3P9rt5i9CROwYFSjL6Vi',NULL,NULL,NULL,'John','Lawler',0,NULL,NULL),(56,'user48','user48@gmail.com','2020-04-25 03:45:18','$2y$10$LPde9u4tcZG2LxPAC8Pmfue1Iadqp87imypb511GG.ZWk1aKQGw.i',NULL,NULL,NULL,'Robert','Reynolds',0,NULL,NULL),(57,'user49','user49@gmail.com','2020-04-25 03:45:18','$2y$10$h2bornzrzobPvGEZCeFhO.8tHEQQ4glendg/uOcFDcxu523wlTYDa',NULL,NULL,NULL,'Sylvia','Taylor',0,NULL,NULL),(58,'user50','user50@gmail.com','2020-04-25 03:45:18','$2y$10$wQOLWi5SNM93MChhtSRcwu6/WUF.6oNl5GATnioQ.ydRYidGiKdry',NULL,NULL,NULL,'June','Towers',0,NULL,NULL),(59,'user51','user51@gmail.com','2020-04-25 03:45:18','$2y$10$XNugi.blQ9MxYS.LE295fOWyj.zamPwHy7IBVv9i8myQKJ08I0Him',NULL,NULL,NULL,'Pedro','Goins',0,NULL,NULL),(60,'user52','user52@gmail.com','2020-04-25 03:45:18','$2y$10$weCeimU/mRWC7WbnVYzvCeZFKNH9Qe373VDjUAEjFseuzGj0PHx2W',NULL,NULL,NULL,'Eric','Cummings',0,NULL,NULL),(61,'user53','user53@gmail.com','2020-04-25 03:45:18','$2y$10$tPQHaJpEdH/y4Uiui.D93OtMsyRqNCIr6dI045KPyJ8irBmo16Mvu',NULL,NULL,NULL,'Samuel','Smith',0,NULL,NULL),(62,'user54','user54@gmail.com','2020-04-25 03:45:18','$2y$10$TWlK1xSztXOp6xNhiWOS.eazUPFflWmQ5i9VuvYG54BcJEU8MrPdO',NULL,NULL,NULL,'John','Yeh',0,NULL,NULL),(63,'user55','user55@gmail.com','2020-04-25 03:45:18','$2y$10$5r5K62XoyyTCyM3vy7XUd.gkeg1YVmNSxn98h3Qua8SKKqJCBTw9C',NULL,NULL,NULL,'Tamara','Ferrell',0,NULL,NULL),(64,'user56','user56@gmail.com','2020-04-25 03:45:18','$2y$10$uNN.dqxcFF5Xb3vrZBgosu52hkLUYgwqtd0TGBNg0ubKKPGBXPexO',NULL,NULL,NULL,'Cecilia','Neel',0,NULL,NULL),(65,'user57','user57@gmail.com','2020-04-25 03:45:18','$2y$10$SaiTDCCJpDnRDrkqOgoK5ub8WBQcX.TUSktAn4.tFTfFeYHm/oDvO',NULL,NULL,NULL,'Edward','Washington',0,NULL,NULL),(66,'user58','user58@gmail.com','2020-04-25 03:45:18','$2y$10$Xk8FDcZUfQBlGkqaTRLHQOkgNpfJe2AQrGTZxIFXVz2NI4r4bh3fa',NULL,NULL,NULL,'Daniel','Jones',0,NULL,NULL),(67,'user59','user59@gmail.com','2020-04-25 03:45:18','$2y$10$GzlIspEaN0K9V/oZDG7UXuR3/iuuoGIr0yxhFwREE.8TDbIBrghoq',NULL,NULL,NULL,'Lisa','Riccio',0,NULL,NULL),(68,'user60','user60@gmail.com','2020-04-25 03:45:18','$2y$10$lmpoAQsPMio2DBlDRYo0NuClsQc11xvBJVP9ks7UesT8ptIzW/G.O',NULL,NULL,NULL,'Mary','Gambles',0,NULL,NULL),(69,'user61','user61@gmail.com','2020-04-25 03:45:19','$2y$10$NGZnwFzGM7b4NyrBZ9jnReMgevPEP3oDuj0X.nX9MSU1PQ6vRxj/6',NULL,NULL,NULL,'Veronica','Garcia',0,NULL,NULL),(70,'user62','user62@gmail.com','2020-04-25 03:45:19','$2y$10$V9G0DTadyxo6TZ8DJSMS6.l/erz09oGFnpsu276oz.uPtV77LcpdK',NULL,NULL,NULL,'Cheryl','Smith',0,NULL,NULL),(71,'user63','user63@gmail.com','2020-04-25 03:45:19','$2y$10$aJHowhuEh7.xUnoAEx5tt.VMTkzTNZVXUd6IjKVWgg6NVGBDThq7.',NULL,NULL,NULL,'James','Young',0,NULL,NULL),(72,'user64','user64@gmail.com','2020-04-25 03:45:19','$2y$10$xX.Uk3idjaJw89ZlnLVsb.vBjI3qdNelO81CxHoJ6rD391/ECt7aS',NULL,NULL,NULL,'Joan','Sipper',0,NULL,NULL),(73,'user65','user65@gmail.com','2020-04-25 03:45:19','$2y$10$HuVfe8U5lUrsH1U6JiqGGuoDkPlC0zcZr6c3gl83IbZOQc/Oi5fD.',NULL,NULL,NULL,'Doug','Korpal',0,NULL,NULL),(74,'user66','user66@gmail.com','2020-04-25 03:45:19','$2y$10$xm5Oywwx9ISUy0BdhURB3uDu9H/XTCBaVoTk1uMnyhf4LqT7r7G4W',NULL,NULL,NULL,'Allison','Simpson',0,NULL,NULL),(75,'user67','user67@gmail.com','2020-04-25 03:45:19','$2y$10$Vo9Jj7kg.K5.Bnzg4s/ND.M3/C0MXR0/e0Fp4xbawRUys4vebZeL2',NULL,NULL,NULL,'Yolanda','Wilson',0,NULL,NULL),(76,'user68','user68@gmail.com','2020-04-25 03:45:19','$2y$10$Ef6erK7dzggBWVJLVVojke3F1pffPz7jcXl66qoEdmRpzCayj96hW',NULL,NULL,NULL,'Antonina','Davis',0,NULL,NULL),(77,'user69','user69@gmail.com','2020-04-25 03:45:19','$2y$10$IsdGhorUXmxBy8t/r3tp6u1PdwIQ6mFlXTpbGpVVFky42flMUNK02',NULL,NULL,NULL,'Dennis','Lindberg',0,NULL,NULL),(78,'user70','user70@gmail.com','2020-04-25 03:45:19','$2y$10$yWIYnDrQrS9gqWqeHG90SOb6FTzVWe/njDVZZJH4hX9QaR3Bs5QqS',NULL,NULL,NULL,'Oliver','Dube',0,NULL,NULL),(79,'user71','user71@gmail.com','2020-04-25 03:45:19','$2y$10$SEu33SWtFkXZNdNCfRIbWO0lWeXLGipnZuOeg2oW0vCncTWfJt9xG',NULL,NULL,NULL,'Laura','Egersdorf',0,NULL,NULL),(80,'user72','user72@gmail.com','2020-04-25 03:45:19','$2y$10$5GKGH0w4sqzcPPuxnznH9.jDPU4p6sCl0TBuEIFDSVnlGD.mk96Ta',NULL,NULL,NULL,'Jeanette','Borrow',0,NULL,NULL),(81,'user73','user73@gmail.com','2020-04-25 03:45:19','$2y$10$W5ANYi3BiT6jbz9N8ZLaGeehrvUywsSl513kSlt.EmTEVyhry64l6',NULL,NULL,NULL,'Rosenda','Easley',0,NULL,NULL),(82,'user74','user74@gmail.com','2020-04-25 03:45:19','$2y$10$fKJsonuhyQMyWZAtXKdPSOHxNNNLfnNNHKJ5m3xgk.N4llqLKgX.u',NULL,NULL,NULL,'Clinton','Weeks',0,NULL,NULL),(83,'user75','user75@gmail.com','2020-04-25 03:45:19','$2y$10$3suvFaE4dR16JyI1NVEQzO.y5gHf3LKVzbbFXTXLtVSBDD693XSYS',NULL,NULL,NULL,'David','Winters',0,NULL,NULL),(84,'user76','user76@gmail.com','2020-04-25 03:45:19','$2y$10$qH6oA6bdTBsLnKrB7SMDVe5Fow3HsBOJa9N.5ugcb1N9pwfHqT5sO',NULL,NULL,NULL,'Christine','Sanford',0,NULL,NULL),(85,'user77','user77@gmail.com','2020-04-25 03:45:19','$2y$10$q22.VXU/C7fn.xz4WL/ZU.BMzcC2qZYQvyT8f4T5IssX/XNMv8SM6',NULL,NULL,NULL,'David','Lasater',0,NULL,NULL),(86,'user78','user78@gmail.com','2020-04-25 03:45:19','$2y$10$SZoXEqonTz82p5C7fw/DV.5SvmOevQ1FPyY80gahO.jJZJ4IQPVnu',NULL,NULL,NULL,'Michelle','Hirata',0,NULL,NULL),(87,'user79','user79@gmail.com','2020-04-25 03:45:19','$2y$10$Crr9.b7UdndhHX2cdq7YOufEsHKTuFNYeHh7vreo16GeBEkoIpzny',NULL,NULL,NULL,'Mary','Grooms',0,NULL,NULL),(88,'user80','user80@gmail.com','2020-04-25 03:45:20','$2y$10$eaD2HxXqR1/ygJ4L0h0t1uxG.r/lfSCE5JrNX2zfWKkHNJkjShmkS',NULL,NULL,NULL,'Ruth','Williams',0,NULL,NULL),(89,'user81','user81@gmail.com','2020-04-25 03:45:20','$2y$10$TTT.QKMBE.Ie41Tey8IXvODs5r7YEUGyOwDIJDS2q/Relyf5N0CWu',NULL,NULL,NULL,'Jessie','Mohan',0,NULL,NULL),(90,'user82','user82@gmail.com','2020-04-25 03:45:20','$2y$10$kiSf3WTFJM2tJDIhkBKfHebKskEPKk1qWHv.cQ2Mw1.Brx34gP3a6',NULL,NULL,NULL,'Burt','Wilson',0,NULL,NULL),(91,'user83','user83@gmail.com','2020-04-25 03:45:20','$2y$10$5kFPkt2QzXorQLUI81zTxO.n9S23z5Zw0YdHE3UT/PWtrCAZCmAXW',NULL,NULL,NULL,'Keith','Miller',0,NULL,NULL),(92,'user84','user84@gmail.com','2020-04-25 03:45:20','$2y$10$ElADt/4.xzQqjJ.k90C9AeH7YSSLVLQCjjrZJ2Ck6H3BvLS5DdHiu',NULL,NULL,NULL,'William','Hall',0,NULL,NULL),(93,'user85','user85@gmail.com','2020-04-25 03:45:20','$2y$10$02poiF/hRxrLcVG4Ef0tUenukTeEQL80InKxh/cQ1XaBdTNVJ2fXS',NULL,NULL,NULL,'Catherine','Watters',0,NULL,NULL),(94,'user86','user86@gmail.com','2020-04-25 03:45:20','$2y$10$HfF.ZAekcsQDf63TsYwsUe5ZqYQQdmm/gY6Far7rqU6ZtHvdxDNli',NULL,NULL,NULL,'Barbara','Moore',0,NULL,NULL),(95,'user87','user87@gmail.com','2020-04-25 03:45:20','$2y$10$UhzLXXG1w167lkkZh3/XA.uCOVL/LQR1L5ysF1Om2AVS5IhV8IiJS',NULL,NULL,NULL,'Loretta','Gatlin',0,NULL,NULL),(96,'user88','user88@gmail.com','2020-04-25 03:45:20','$2y$10$ValtYqd4LWOiEc1eS0pxBeHgCXELY4/orrjo2cb95x4Zi.97KVa2y',NULL,NULL,NULL,'Doris','Hamilton',0,NULL,NULL),(97,'user89','user89@gmail.com','2020-04-25 03:45:20','$2y$10$6wO.WIu9O3gwma5TQ1o1bOICXhaIaZl8lWUnllHql2.1dqPsJlt0K',NULL,NULL,NULL,'Rodney','Miller',0,NULL,NULL),(98,'user90','user90@gmail.com','2020-04-25 03:45:20','$2y$10$tp1L4/CzKQQNcTTC3oRZ/O/ujF69Dwmh1aW/8QK7x93a/.A2tPuuu',NULL,NULL,NULL,'William','Cowan',0,NULL,NULL),(99,'user91','user91@gmail.com','2020-04-25 03:45:20','$2y$10$xmENWrgzZkqSSZ3ELVx5suz3HS2T4sunTQVp/WE6AHzHdlI2EW8Ge',NULL,NULL,NULL,'David','Florido',0,NULL,NULL),(100,'user92','user92@gmail.com','2020-04-25 03:45:20','$2y$10$NzEhlkB4q9xUJMeP7eH3ku715NnY7BteTtpz2nd7QQ71KOp7U3ZZ.',NULL,NULL,NULL,'Norman','Kibler',0,NULL,NULL),(101,'user93','user93@gmail.com','2020-04-25 03:45:20','$2y$10$qkwRAT8KkTB8PPapA7SmF.M9smcZvLrjMJOX/NFNmqfprXf1wSkdW',NULL,NULL,NULL,'Reginald','Jones',0,NULL,NULL),(102,'user94','user94@gmail.com','2020-04-25 03:45:20','$2y$10$tdWm9kVtorL7jyYgzqgG0.oXSVm.TPoVwifcoP/eFTOOVj1edTEOy',NULL,NULL,NULL,'Dana','Allen',0,NULL,NULL),(103,'user95','user95@gmail.com','2020-04-25 03:45:20','$2y$10$73cYquYHVFqiO.l93CugbubCnoEYsA4JTBVO35eLSGzb7kQWgSS36',NULL,NULL,NULL,'Andrew','Malone',0,NULL,NULL),(104,'user96','user96@gmail.com','2020-04-25 03:45:20','$2y$10$x4q4scHZpB3zV516VRloweheT8tBXsecZwrf7NHwvl70BewF.vaZ6',NULL,NULL,NULL,'Patricia','Denn',0,NULL,NULL),(105,'user97','user97@gmail.com','2020-04-25 03:45:20','$2y$10$vH3qM2DYsKQJK3hwG4aW5OPNswoFnd86WJcjDtOgTIwRSKlyxsLJC',NULL,NULL,NULL,'Mary','Saver',0,NULL,NULL),(106,'user98','user98@gmail.com','2020-04-25 03:45:20','$2y$10$wwxXlf1lmFQub5C.3kUpZuh3cMG7OolYJDwdLJ8YDlKX0BfqxPEDy',NULL,NULL,NULL,'George','Moss',0,NULL,NULL),(107,'user99','user99@gmail.com','2020-04-25 03:45:21','$2y$10$jtE7XPeLefF5XOHUfnsE3uss4ZT02rg3LZYWyXnPHKnkrX74tvW8y',NULL,NULL,NULL,'Jordan','Garza',0,NULL,NULL),(108,'user100','user100@gmail.com','2020-04-25 03:45:21','$2y$10$F7auDVqCvZAnWM6eQUtYYeuOMAMJsEwnTi/OtCN5nYLeaA.fWbhzq',NULL,NULL,NULL,'Roma','Reeser',0,NULL,NULL),(109,'user101','user101@gmail.com','2020-04-25 03:45:21','$2y$10$2oHAsFDs1hprrqCVOyo4aODfQ2tYEdCm81f3F1zMew5LaFL009XO2',NULL,NULL,NULL,'Helen','Kidwell',0,NULL,NULL),(110,'user102','user102@gmail.com','2020-04-25 03:45:21','$2y$10$D6vohR5WGnlwE42mS/WS/OqUrOhW.FqXdSeNMvAvZQ.oQ.0URpEvC',NULL,NULL,NULL,'Sandra','Jaffe',0,NULL,NULL),(111,'user103','user103@gmail.com','2020-04-25 03:45:21','$2y$10$0XjxklbB0CyEaq5dKB/eZuUMHvm8sEuLL9uNvDRaOlayJ7nAPmH.e',NULL,NULL,NULL,'Linda','Hilbert',0,NULL,NULL),(112,'user104','user104@gmail.com','2020-04-25 03:45:21','$2y$10$qzxSgg522zjmUAodEa4SI.kya448tbFGF/iD6ptZKJenXzEQf25d6',NULL,NULL,NULL,'Eric','Williams',0,NULL,NULL),(113,'user105','user105@gmail.com','2020-04-25 03:45:21','$2y$10$vOeYGNAwKUi5Xu3pFFq/aOpLdpefTnirTiezpE8/9cLDbyq5JSsj6',NULL,NULL,NULL,'Elizabeth','Mudget',0,NULL,NULL),(114,'user106','user106@gmail.com','2020-04-25 03:45:21','$2y$10$QximYvt5T.9xjx20h/0X8.Ad0v1Ar5kQiBngfnjgSHFiifVHhZtrm',NULL,NULL,NULL,'China','Witt',0,NULL,NULL),(115,'user107','user107@gmail.com','2020-04-25 03:45:21','$2y$10$QrTr1XkddOG93pp4iCGdNuKDZouKJp1FVvCy28j.07G5h8TSdR16u',NULL,NULL,NULL,'Becky','Seymour',0,NULL,NULL),(116,'user108','user108@gmail.com','2020-04-25 03:45:21','$2y$10$Kz2.PqYVrTkNRsWBCd6sZ.z3zjF/q2UZYx/1tViP86VPkALpPAQiG',NULL,NULL,NULL,'Jessie','Acosta',0,NULL,NULL),(117,'user109','user109@gmail.com','2020-04-25 03:45:21','$2y$10$LCvwddFLJyglfXbi9QX.x.pSlkSNiBFv3zMWtegbUlLL6iRSjIpga',NULL,NULL,NULL,'David','Reyes',0,NULL,NULL),(118,'user110','user110@gmail.com','2020-04-25 03:45:21','$2y$10$yhw5jh4DyrDq3y8oiUXx9ewK0rKMsYZQrF1VZEpNbtazXkVDdZh56',NULL,NULL,NULL,'Thomas','Rogers',0,NULL,NULL),(119,'user111','user111@gmail.com','2020-04-25 03:45:21','$2y$10$B78mQpPWdJHc9J9ZNCFMm.otPhI/TaxGaXU4aNdQ7jOB68lah3kYm',NULL,NULL,NULL,'Marie','Speedy',0,NULL,NULL),(120,'user112','user112@gmail.com','2020-04-25 03:45:21','$2y$10$AasB4TlqDc1SoShkYarfw.5g2baFhExkARFuHWqjrm7AZ/.I3wNLW',NULL,NULL,NULL,'Norma','Garneau',0,NULL,NULL),(121,'user113','user113@gmail.com','2020-04-25 03:45:21','$2y$10$1SBBkGkG.pXmMj1LA0QPXOkbTfPGK6YTHR4fq3iayg3qYqbzg089y',NULL,NULL,NULL,'Bill','Anderson',0,NULL,NULL),(122,'user114','user114@gmail.com','2020-04-25 03:45:21','$2y$10$0/wQGOflMY84nKX6whGBuuX2SHwWlVxyINpOshRbRUkiW24vHld.S',NULL,NULL,NULL,'Richard','Greene',0,NULL,NULL),(123,'user115','user115@gmail.com','2020-04-25 03:45:21','$2y$10$8K5TtI57lcWOQwTtgS5vzOB7ldk6DA8WRNLdFpjIQIGg0MZiT2/Da',NULL,NULL,NULL,'James','Bienenstock',0,NULL,NULL),(124,'user116','user116@gmail.com','2020-04-25 03:45:21','$2y$10$1XwX5C9QeunKKtE5rPnwL.phVgDs6dHywZTkbz8nsFFYzSu0F2R/K',NULL,NULL,NULL,'Thomas','Cumming',0,NULL,NULL),(125,'user117','user117@gmail.com','2020-04-25 03:45:21','$2y$10$i4RZjkfIojxuXCK6IX/gxevVw9XKsljvsDNgVAMi2pRn0lMLk3c.e',NULL,NULL,NULL,'Stephen','Gressler',0,NULL,NULL),(126,'user118','user118@gmail.com','2020-04-25 03:45:21','$2y$10$0UR/IPIDpuyHbZTsWFfyK.Q4lICGpxKn2x5fCjmTrdCedos5LldIO',NULL,NULL,NULL,'Luis','Kite',0,NULL,NULL),(127,'user119','user119@gmail.com','2020-04-25 03:45:22','$2y$10$qhDp2jUN/luwi8r5I12KU.LpOyayKDVn3mfe7pC8BwUltJyfZxzYK',NULL,NULL,NULL,'Justin','Melchor',0,NULL,NULL),(128,'user120','user120@gmail.com','2020-04-25 03:45:22','$2y$10$aqd7EouKlXPPy5NlEf3Ah.mai/KEm0uPxsMptNbdN3w9dFMTGXlge',NULL,NULL,NULL,'Mitchell','Matthews',0,NULL,NULL),(129,'user121','user121@gmail.com','2020-04-25 03:45:22','$2y$10$/z3S6LoZF7ZhCk183dvnFuSQ9okMjbCHGncGV/bd/OGsW7MuqylOq',NULL,NULL,NULL,'Cary','Mascarenas',0,NULL,NULL),(130,'user122','user122@gmail.com','2020-04-25 03:45:22','$2y$10$ZGFt24mKCXT4nu4MM60hCOW65XiXpLFd.9lXxLvcpLxcKTadxIFrS',NULL,NULL,NULL,'Tammy','Thomas',0,NULL,NULL),(131,'user123','user123@gmail.com','2020-04-25 03:45:22','$2y$10$JJcGl9v/G70RAFwg/uEu5.SWlJ8C8.zcXaBshsxlNUDAWvBd/nVWq',NULL,NULL,NULL,'Jeanette','Quinter',0,NULL,NULL),(132,'user124','user124@gmail.com','2020-04-25 03:45:22','$2y$10$0/I/W97JDagO2pCn6q3P/.R9L4ExQJXaizMV6TB6sposPERUqbE/i',NULL,NULL,NULL,'Billy','Norton',0,NULL,NULL),(133,'user125','user125@gmail.com','2020-04-25 03:45:22','$2y$10$kOa8TOHyF/76OOOKKfQQs.3Ok2wwCkdnXaPGWszPhtOtzaeOaoEI6',NULL,NULL,NULL,'Ardith','Penalosa',0,NULL,NULL),(134,'user126','user126@gmail.com','2020-04-25 03:45:22','$2y$10$TANIu4ab/gUbyAa96nOmQOw2nNqSMHTwTMFAsNXgcdHPxqQpjbHSe',NULL,NULL,NULL,'Alice','Curry',0,NULL,NULL),(135,'user127','user127@gmail.com','2020-04-25 03:45:22','$2y$10$a7.QfcLmBQzTVbeUFBK4NehNqzwPoGpMx.N/srJ6T9cXRHCjs9H.i',NULL,NULL,NULL,'Elizabeth','Duty',0,NULL,NULL),(136,'user128','user128@gmail.com','2020-04-25 03:45:22','$2y$10$XZEVtrKHWxucOIOXM2sMle3MjYoG8FlqcrPJ/22v78r7JfmO43Mc2',NULL,NULL,NULL,'Francis','Marshall',0,NULL,NULL),(137,'user129','user129@gmail.com','2020-04-25 03:45:22','$2y$10$H9qmjbEigBe2om0RZajtK.J5tOS19jf6fWw4kp2Rl7kXxWAdjB1.y',NULL,NULL,NULL,'Edyth','Rowton',0,NULL,NULL),(138,'user130','user130@gmail.com','2020-04-25 03:45:22','$2y$10$CaQ/x2/rNM08AnaozTuGHu2OGqwlsrkrhnJDq9dys8Oh23BgxcdHW',NULL,NULL,NULL,'Alton','Smith',0,NULL,NULL),(139,'user131','user131@gmail.com','2020-04-25 03:45:22','$2y$10$bFdMB9abzg6dyrHdKpOGIuTfgmD6e.FCuQwI8zXLSvLoHHPEExtV6',NULL,NULL,NULL,'William','Fuentes',0,NULL,NULL),(140,'user132','user132@gmail.com','2020-04-25 03:45:22','$2y$10$l4w23z2zUf4IVEZOxSkJNOhqNn4dEQ25WRhcBO5Lygozp5VbkxuzW',NULL,NULL,NULL,'Ruth','Levy',0,NULL,NULL),(141,'user133','user133@gmail.com','2020-04-25 03:45:22','$2y$10$R0IbSLIaMkJtadhWBYBjhOAJnIi7R.nx6vEAxUsGPmSdNzzVaPh1e',NULL,NULL,NULL,'David','Clynes',0,NULL,NULL),(142,'user134','user134@gmail.com','2020-04-25 03:45:22','$2y$10$aLnfG7RqVx81Z6TaC9sN/O6fRV/1NZx9UkhvKCSD3XYT.QsUSTuI.',NULL,NULL,NULL,'John','Furrer',0,NULL,NULL),(143,'user135','user135@gmail.com','2020-04-25 03:45:22','$2y$10$WCU23BDk4VaUV5hDF6j6m.Oafxge389gngE/XlVMzZtKthgLMaNv.',NULL,NULL,NULL,'Penny','Gregg',0,NULL,NULL),(144,'user136','user136@gmail.com','2020-04-25 03:45:22','$2y$10$oFUAcDr0D3VB/TMWBD930.Ua.j2vLMtm9yKL/G3DKX4EokXg9QNUu',NULL,NULL,NULL,'Mark','Decook',0,NULL,NULL),(145,'user137','user137@gmail.com','2020-04-25 03:45:22','$2y$10$X.o.R7xbkRmiSEQ0DjDIxu6K5GhzqdSM7AeYy7SQ4LNqBlUUo.GE2',NULL,NULL,NULL,'James','Williams',0,NULL,NULL),(146,'user138','user138@gmail.com','2020-04-25 03:45:22','$2y$10$VECJJKsyhB3sJRk/yOZdNesIRKSiI9rDqST/zjgbMChx041hC7GEG',NULL,NULL,NULL,'Benjamin','Potter',0,NULL,NULL),(147,'user139','user139@gmail.com','2020-04-25 03:45:23','$2y$10$it4j5ePnIDACXxzand0Aau6mb5jNXJlcUACbtlfVVBGYSFfBzbI3e',NULL,NULL,NULL,'Kimberly','Aronow',0,NULL,NULL),(148,'user140','user140@gmail.com','2020-04-25 03:45:23','$2y$10$6xWk1KJL4jyaerPyv/CKBOP7iZJjutCfH6oG1ZdyXPUHj51Ctw5ye',NULL,NULL,NULL,'Patricia','Hobbs',0,NULL,NULL),(149,'user141','user141@gmail.com','2020-04-25 03:45:23','$2y$10$sVUcyu/Kw2tCb57HbGdKiOGlEYPPKHzLOXbj95lY9KGZ8QFmnl/c.',NULL,NULL,NULL,'Lois','Ward',0,NULL,NULL),(150,'user142','user142@gmail.com','2020-04-25 03:45:23','$2y$10$za.SH8f8gFvy7ahwJ/RGH.eZ0wNnJ0Nes4sr/9F4Lwig/laaSHUzG',NULL,NULL,NULL,'Michael','Castellanos',0,NULL,NULL),(151,'user143','user143@gmail.com','2020-04-25 03:45:23','$2y$10$jqjZphTsdssyx8xbffUhc.KuwrPVrZdf7VR3ett4SDs0MYSP6Ak5y',NULL,NULL,NULL,'Jeff','Kuznicki',0,NULL,NULL),(152,'user144','user144@gmail.com','2020-04-25 03:45:23','$2y$10$C5XneA3tKzYtyx4yQWA5aeRB9Cg6DnWkOyMBj59ZhrmajrB4uezkK',NULL,NULL,NULL,'Antonia','Shaffer',0,NULL,NULL),(153,'user145','user145@gmail.com','2020-04-25 03:45:23','$2y$10$AyLB27uUXE.hSanPqA7VQeIcJyMgh8n2.w1yF/3Erez1Ug.rR2pTa',NULL,NULL,NULL,'John','Mcelderry',0,NULL,NULL),(154,'user146','user146@gmail.com','2020-04-25 03:45:23','$2y$10$7rFJh5hCx.cQ/ZUwy9a/fuOKPa9SojaHxGLlAyd9H.DDSejV.AhwC',NULL,NULL,NULL,'James','Ramirez',0,NULL,NULL),(155,'user147','user147@gmail.com','2020-04-25 03:45:23','$2y$10$rAiGPHE88CLipzR0pVbYtuIRztRnsCGxFpjqU4SLyN04k1pgi1jYO',NULL,NULL,NULL,'Rebecca','Cosentino',0,NULL,NULL),(156,'user148','user148@gmail.com','2020-04-25 03:45:23','$2y$10$rvHM8jrpjGFosZgxwISab.OgdZ5UNBtl1y6HCwTNP0oQvKxdOztSO',NULL,NULL,NULL,'William','Bowman',0,NULL,NULL),(157,'user149','user149@gmail.com','2020-04-25 03:45:23','$2y$10$BbzdgfwbbDkt7bsgNuYxbeemQW83TU/6aqqnuzs7s0oKgdaixrrFO',NULL,NULL,NULL,'Melissa','Huls',0,NULL,NULL),(158,'user150','user150@gmail.com','2020-04-25 03:45:23','$2y$10$/FOuI0mJx0c0gUOvMrGSyOZAD7YSfqRfQkkPx1TCpifSj0xH2QIp2',NULL,NULL,NULL,'Robert','Spivey',0,NULL,NULL),(159,'user151','user151@gmail.com','2020-04-25 03:45:23','$2y$10$BG76aOb6ACC2G3jqLvdFKOpS32QKkLNQAJvMm0RvtOkmCKAV21dJy',NULL,NULL,NULL,'Anthony','Viramontes',0,NULL,NULL),(160,'user152','user152@gmail.com','2020-04-25 03:45:23','$2y$10$hEq9AHIqZK5f6e9gz2Mvkunx00DjCDDkct3dv2shd1dlC3KRa4XHS',NULL,NULL,NULL,'Katherine','Berg',0,NULL,NULL),(161,'user153','user153@gmail.com','2020-04-25 03:45:23','$2y$10$xyt2pTKpa8/NfMTvh//2Su/JVwic1iKLeOyRa41CkOOFHrVxm3xa6',NULL,NULL,NULL,'Carolyn','Kreisher',0,NULL,NULL),(162,'user154','user154@gmail.com','2020-04-25 03:45:23','$2y$10$hlPriu2HANr/2rWZcSLJWOraZ5ah44axmj4mPblOj.ByHWu/vxV/.',NULL,NULL,NULL,'Henry','Stokes',0,NULL,NULL),(163,'user155','user155@gmail.com','2020-04-25 03:45:23','$2y$10$m.Ii4q1DIQOTVkdN56ZFhes0TKogPKpDGaWXz9xxpE8UfcTpkIszy',NULL,NULL,NULL,'Robert','Groh',0,NULL,NULL),(164,'user156','user156@gmail.com','2020-04-25 03:45:23','$2y$10$vrS73Gk6OoRmxYi9PM7Xzu53eULb55uMUQEVD9K3t/tu7PZfZfjQG',NULL,NULL,NULL,'Jonathan','Bruce',0,NULL,NULL),(165,'user157','user157@gmail.com','2020-04-25 03:45:23','$2y$10$WfJp5iDlwFrqD2DUfenHHOnM7racMLWl2zCid.1S4nVn/t1iOgBmS',NULL,NULL,NULL,'Valerie','Espinoza',0,NULL,NULL),(166,'user158','user158@gmail.com','2020-04-25 03:45:24','$2y$10$dxONOg0nVMJi/I62Lkn4QeCfr1sVVyuxcV9tY0vSGT6lIg1iDUSgW',NULL,NULL,NULL,'Kari','Garvin',0,NULL,NULL),(167,'user159','user159@gmail.com','2020-04-25 03:45:24','$2y$10$MEbC6c4c2S1l6EBNm1z7S.h/2Z.xSKhtfQwdgJ3N9ekW9p9ouigpC',NULL,NULL,NULL,'Betty','Abrial',0,NULL,NULL),(168,'user160','user160@gmail.com','2020-04-25 03:45:24','$2y$10$c0MB2tlqKyQXndEYGHXax.8d3S24YW3pntyTrtt8e.qA1vzSRBn92',NULL,NULL,NULL,'Sharon','Adams',0,NULL,NULL),(169,'user161','user161@gmail.com','2020-04-25 03:45:24','$2y$10$cFqmmypiu4Nx4BN7ylCuH.cZlPPg.8r5Xg3HEPb9SZ3zBRn.DfUl2',NULL,NULL,NULL,'Hector','Breisch',0,NULL,NULL),(170,'user162','user162@gmail.com','2020-04-25 03:45:24','$2y$10$Q5u7lb8ynv023aVtZ01N2Oa8exCV.ZN3pL1XepXUtWbaXhea9eOje',NULL,NULL,NULL,'Stephanie','Bennet',0,NULL,NULL),(171,'user163','user163@gmail.com','2020-04-25 03:45:24','$2y$10$cxfx2lNw5HMojhNXuhJHIure5WYYmo0danCqAdnj.Ju2yI.fLBLZS',NULL,NULL,NULL,'Anne','Dudley',0,NULL,NULL),(172,'user164','user164@gmail.com','2020-04-25 03:45:24','$2y$10$4oL5WhTuO75RAxBxNbpvn.0hzhjAlxDcBZW3viKuy5u5CZnAgbk.6',NULL,NULL,NULL,'Susanne','Benner',0,NULL,NULL),(173,'user165','user165@gmail.com','2020-04-25 03:45:24','$2y$10$wooPuyd2fxr0WnyTSk6fXOj32PPLtAxdz/d7ieLG5KMxvY3HWfCKe',NULL,NULL,NULL,'April','Schnieders',0,NULL,NULL),(174,'user166','user166@gmail.com','2020-04-25 03:45:24','$2y$10$rVXrYsJnXyDqGK37H7/YOeDrTTBBWJlYmoO.o3fgUaI83lMU1syzW',NULL,NULL,NULL,'Roger','Smith',0,NULL,NULL),(175,'user167','user167@gmail.com','2020-04-25 03:45:24','$2y$10$Bakd4OG.smOroks2khJQt.rgn1WxPeiAubWwDeWiilA05bbG5M.Xm',NULL,NULL,NULL,'Carrie','Rivera',0,NULL,NULL),(176,'user168','user168@gmail.com','2020-04-25 03:45:24','$2y$10$c2QhhuuWSlu6hc76J2MKO.28xfyui9EkM6QTYZT1RUfLLNqi3izd2',NULL,NULL,NULL,'Ruth','Avery',0,NULL,NULL),(177,'user169','user169@gmail.com','2020-04-25 03:45:24','$2y$10$.RRdUdiY0FgLY.IzTERsWOnKUFZlpctAQsmZdpAkCq9UJsQtepTzK',NULL,NULL,NULL,'Rosa','Lyons',0,NULL,NULL),(178,'user170','user170@gmail.com','2020-04-25 03:45:24','$2y$10$DeKAMZ8jYZuIOLd1ClqnzO2ED.IFf6fcx4/y9j0fCZz5b01yEzHbq',NULL,NULL,NULL,'Carrie','Chang',0,NULL,NULL),(179,'user171','user171@gmail.com','2020-04-25 03:45:24','$2y$10$7wwxilKsHuLICzxQ44PuTe7ctlaSIvFttZETSBfO8tqucv7f3k5oi',NULL,NULL,NULL,'James','Gustin',0,NULL,NULL),(180,'user172','user172@gmail.com','2020-04-25 03:45:24','$2y$10$ZcaN85LX.Rrznjo9xNRJMuFBFQvUOyT..Z2eRETh56D/DAD3Mjr1.',NULL,NULL,NULL,'Jennifer','Tryon',0,NULL,NULL),(181,'user173','user173@gmail.com','2020-04-25 03:45:24','$2y$10$c2rRyH6TXSQ8KNTmRvynyuAX5CUwCWL5XYlDJvs94UaQW6Txm2FPy',NULL,NULL,NULL,'Luis','Tucker',0,NULL,NULL),(182,'user174','user174@gmail.com','2020-04-25 03:45:24','$2y$10$CsLuh6PPNqk7gviZdEn4pe4FefJgxTXeWnQV/CCAunqkFQEG.ra56',NULL,NULL,NULL,'Katie','Smith',0,NULL,NULL),(183,'user175','user175@gmail.com','2020-04-25 03:45:24','$2y$10$m.FGGrUBSI3UYoKYBApVyuNSqIhV5epZdA2steZc0GN2G9yhsFhJu',NULL,NULL,NULL,'Jessica','Deal',0,NULL,NULL),(184,'user176','user176@gmail.com','2020-04-25 03:45:24','$2y$10$CvCqkXB.zzO1VONVt5YjkODzniYgPOYhj8mLdPMnFxCPesMDok.XK',NULL,NULL,NULL,'Bernard','Rutherford',0,NULL,NULL),(185,'user177','user177@gmail.com','2020-04-25 03:45:24','$2y$10$kQ0uyE5tQ8RKjrPRhngPsORsuZjNFTMoiL/TqFroYT.MuauQ64tbm',NULL,NULL,NULL,'Ronald','White',0,NULL,NULL),(186,'user178','user178@gmail.com','2020-04-25 03:45:25','$2y$10$5yddaP1liJMt6exMklcQ1ulgfGgRdIDMp0Jt4XEP6VARYQwiDB37G',NULL,NULL,NULL,'Allan','Diaz',0,NULL,NULL),(187,'user179','user179@gmail.com','2020-04-25 03:45:25','$2y$10$W9274tLTG7f7suKTzME61uuywvNfSM5CGTchaI9Q3iirwVjlfsc96',NULL,NULL,NULL,'Estella','Wofford',0,NULL,NULL),(188,'user180','user180@gmail.com','2020-04-25 03:45:25','$2y$10$NjwLu.9qo1HUqQHoZtf8tOui0nnqX5HSV/qZJ8xGFOUWVRHhb587a',NULL,NULL,NULL,'Louis','Roberts',0,NULL,NULL),(189,'user181','user181@gmail.com','2020-04-25 03:45:25','$2y$10$966c8omjnh/o5SAXUR2vs.Dv1wfAMm01PtdUZlT8v0n55UEDGT9iS',NULL,NULL,NULL,'Joseph','Otero',0,NULL,NULL),(190,'user182','user182@gmail.com','2020-04-25 03:45:25','$2y$10$0h8oe9CWUCYt.ipLpCjp1ufkKfrtYPM.38a6OHJz4I//CCnJ5iaHO',NULL,NULL,NULL,'Jose','Boggs',0,NULL,NULL),(191,'user183','user183@gmail.com','2020-04-25 03:45:25','$2y$10$ZOGDzeqOowVcz8j5D1ElQOrQe6gwa4ole8TPSk3LqglOJEf6m3L1m',NULL,NULL,NULL,'Emilia','Morgen',0,NULL,NULL),(192,'user184','user184@gmail.com','2020-04-25 03:45:25','$2y$10$8WVd08FI1.mzkM2lmIoiYeMGH8wPRJDgblAg3OCUFTVmEqf63jKWe',NULL,NULL,NULL,'Thomas','Cheek',0,NULL,NULL),(193,'user185','user185@gmail.com','2020-04-25 03:45:25','$2y$10$4zfkH1EPXuK4iI5f2z0EH.2D4ZgbkyoO0Jt9WZNlYWPTqWcNO8Bsi',NULL,NULL,NULL,'Mario','Adams',0,NULL,NULL),(194,'user186','user186@gmail.com','2020-04-25 03:45:25','$2y$10$ElkwPS.BQl2NfdaO0q7ywOYyp3wmSxug.KQS3PtCwCbOy2QxzDvw.',NULL,NULL,NULL,'Jennifer','Wagers',0,NULL,NULL),(195,'user187','user187@gmail.com','2020-04-25 03:45:25','$2y$10$IoJxdoLCPaUFbHEbMasGHOeGwy2ubar79ot4fz325qmvyxaoDv5gi',NULL,NULL,NULL,'Jill','Davidson',0,NULL,NULL),(196,'user188','user188@gmail.com','2020-04-25 03:45:25','$2y$10$YVRBokwf2UCsI2R36b0L..lpCqUwChQ0oeqLYjsknAhSKs3q.ydrm',NULL,NULL,NULL,'Janet','Caro',0,NULL,NULL),(197,'user189','user189@gmail.com','2020-04-25 03:45:25','$2y$10$An030agOHhw3tcO39f5OGOZCn.m0F5NgqbJwF8tEHVS3KE.9ubaqe',NULL,NULL,NULL,'Elizabeth','Vermillion',0,NULL,NULL),(198,'user190','user190@gmail.com','2020-04-25 03:45:25','$2y$10$L.hAQE/mxgtz9CswP0DEteZD0pP4cAAmsYEh3wR72sKxOCAU/Vgbm',NULL,NULL,NULL,'Daniel','Oliver',0,NULL,NULL),(199,'user191','user191@gmail.com','2020-04-25 03:45:25','$2y$10$5OJw33.jn79.vdMefphER.MoqBYTmiur/G/dAlKEZ4YMWOdKMPnXe',NULL,NULL,NULL,'Frank','Anderson',0,NULL,NULL),(200,'user192','user192@gmail.com','2020-04-25 03:45:25','$2y$10$Hu27cvz9yHJE5EKlg5/BI.uNnhwH.PkJBN9C0iptg1qLN3M/ET1DS',NULL,NULL,NULL,'Willie','Meade',0,NULL,NULL),(201,'user193','user193@gmail.com','2020-04-25 03:45:25','$2y$10$x./Bsi.pYpZ7bP..cYFqdefUnZSkMkHbzxJYcjG8h7MtRUiGxFqHe',NULL,NULL,NULL,'Rachel','Drake',0,NULL,NULL),(202,'user194','user194@gmail.com','2020-04-25 03:45:25','$2y$10$YdDEWM32kXshhIYrcAXJgOlwSV9w1DO5nf1zhhYeqsZG4VxT3fU9K',NULL,NULL,NULL,'Brenda','Gomez',0,NULL,NULL),(203,'user195','user195@gmail.com','2020-04-25 03:45:25','$2y$10$FOiAVkTwOyVrra5AYNkayuvvE9bYv0BCMoiTMm1xHPfUtaj/COl6e',NULL,NULL,NULL,'Robin','Glover',0,NULL,NULL),(204,'user196','user196@gmail.com','2020-04-25 03:45:25','$2y$10$7rauL6OqgYjwZU43DgLTmeDuYDz6NDdacBtoVlJXY0Fz00U2buRLq',NULL,NULL,NULL,'Patrick','Souder',0,NULL,NULL),(205,'user197','user197@gmail.com','2020-04-25 03:45:26','$2y$10$9AiaDF9rQCzGyZnxiJIu/epXpUJJN3FSl3JHeSZntd1gXjUt9kPTu',NULL,NULL,NULL,'Gary','Cosgrove',0,NULL,NULL),(206,'user198','user198@gmail.com','2020-04-25 03:45:26','$2y$10$eq2wPWyQdtBuE4netzQV6eTnMj9sGV.Al/ExIl363mUcbyekdU8Pi',NULL,NULL,NULL,'Annabelle','Thomas',0,NULL,NULL),(207,'user199','user199@gmail.com','2020-04-25 03:45:26','$2y$10$vOm6ZEl4Dqtx/qR15xQ8m.sXjztMlpz4WrJpGUdwGL9L8vJ2DiIx2',NULL,NULL,NULL,'Carolyn','Ross',0,NULL,NULL),(208,'user200','user200@gmail.com','2020-04-25 03:45:26','$2y$10$bvSBf/AC4EgSBvohAOt/zuRKRUAypmOT9etApN1Me1mPqtwDiE.Me',NULL,NULL,NULL,'Suzette','Christian',0,NULL,NULL),(209,'user201','user201@gmail.com','2020-04-25 03:45:26','$2y$10$iZj6g9kOorgRKZWLpzZRF.gJP4O8KVTN7z8p6Z5F.2bilr3YFSv9a',NULL,NULL,NULL,'Harlan','Roberts',0,NULL,NULL),(210,'user202','user202@gmail.com','2020-04-25 03:45:26','$2y$10$8ULCV/FX.pw4/tD67vrI5uV2gIwmmm5SvkC0p1c8kRFWmWhH4ROGe',NULL,NULL,NULL,'Evan','Hill',0,NULL,NULL),(211,'user203','user203@gmail.com','2020-04-25 03:45:26','$2y$10$RsibVg9WcwJt/e.6pNbuQusKCVDA6jgcBtld1q0MmPjrYwoknel1W',NULL,NULL,NULL,'Aaron','Williams',0,NULL,NULL),(212,'user204','user204@gmail.com','2020-04-25 03:45:26','$2y$10$75sF.nV2eb3FFfCVeDBbOepb3EisGVqfuoV8GB78Qzxz/Qg4RSxkK',NULL,NULL,NULL,'Benedict','Tsosie',0,NULL,NULL),(213,'user205','user205@gmail.com','2020-04-25 03:45:26','$2y$10$IcsM6WHNq5kUYg0Cw/YGLOPi1eAv5wlr63HSmnyscoRkBcEBT4EiC',NULL,NULL,NULL,'Mary','Workman',0,NULL,NULL),(214,'user206','user206@gmail.com','2020-04-25 03:45:26','$2y$10$JKzk7bnxB6F9OdqvgWoErepRx8C0H2OjRzj.fh.uLmmX316lXh7a6',NULL,NULL,NULL,'Jesus','Cooper',0,NULL,NULL),(215,'user207','user207@gmail.com','2020-04-25 03:45:26','$2y$10$6DLp09kemqE7IFJ88a.6Gusd0GU/CKvA4KdtdfA60Y4ft.FbBSvs2',NULL,NULL,NULL,'Mark','Butler',0,NULL,NULL),(216,'user208','user208@gmail.com','2020-04-25 03:45:26','$2y$10$.LP3a1Lp/oAe5qS.r4gcyuJKp2PUgx9R/TQOvecl91RwB2yJiblm2',NULL,NULL,NULL,'Eric','Delaney',0,NULL,NULL),(217,'user209','user209@gmail.com','2020-04-25 03:45:26','$2y$10$qaMndM5m6P/FZ7ma4aCb9.Kdcy1DddlfEhPavRh2c.QTuPTFMnJTS',NULL,NULL,NULL,'Delores','Vandercook',0,NULL,NULL),(218,'user210','user210@gmail.com','2020-04-25 03:45:26','$2y$10$r2ylPcARRl/IRHYbxCjeKOkOtDZSwPGIneEZVd10RrSSpzzeh7p1.',NULL,NULL,NULL,'Joshua','Emig',0,NULL,NULL),(219,'user211','user211@gmail.com','2020-04-25 03:45:26','$2y$10$GsyV8vJuJo9f4De2Be926OxZeGqGIdSRJRQqPsETEevKT/mBYxGHm',NULL,NULL,NULL,'Cari','Row',0,NULL,NULL),(220,'user212','user212@gmail.com','2020-04-25 03:45:26','$2y$10$R7Qbtbpmm3uzuh2xZGDtXOQqyt7vD070kTqjL5OUwFeQ2h8CUoIiS',NULL,NULL,NULL,'Chi','Navarro',0,NULL,NULL),(221,'user213','user213@gmail.com','2020-04-25 03:45:26','$2y$10$DY9BazA8EKiJgMUMv6f16.Nb9qC2YqMZLU94y4TK6gKC.zFNYY2h.',NULL,NULL,NULL,'Thomas','Mcglothian',0,NULL,NULL),(222,'user214','user214@gmail.com','2020-04-25 03:45:26','$2y$10$jN5r1vNSWE9OYWiWxtijm.qG6VEhEvZzeGLlstQqgTs91M6sPovF.',NULL,NULL,NULL,'Adrienne','Wilburn',0,NULL,NULL),(223,'user215','user215@gmail.com','2020-04-25 03:45:26','$2y$10$JG9tDUwBeMgqvtivJlYG0eRv894C4bev7eFpiylyjoO250vej.wmO',NULL,NULL,NULL,'Frances','Branson',0,NULL,NULL),(224,'user216','user216@gmail.com','2020-04-25 03:45:26','$2y$10$./jGRAlvSz/zB.WwuLBq/.ABGv1oLHeeOGwyUgB0ZR6NtPcFE3WEC',NULL,NULL,NULL,'Barbara','Lockhart',0,NULL,NULL),(225,'user217','user217@gmail.com','2020-04-25 03:45:27','$2y$10$O5a73.HLaftlREIVJiuG9evHEzHZQNtcBf7qUahV6Oq1rFfxzaMvC',NULL,NULL,NULL,'Betty','Fair',0,NULL,NULL),(226,'user218','user218@gmail.com','2020-04-25 03:45:27','$2y$10$d2KlLjy7mTpd/1jKjh0V4e/7lvCCcooxwMR7WUfTGfKuB.rzD1JA2',NULL,NULL,NULL,'Ashley','Houck',0,NULL,NULL),(227,'user219','user219@gmail.com','2020-04-25 03:45:27','$2y$10$aC6PRRdiDMIHrSNuAGBEVO2nYwLNlnvfb7FFQmgEjgjZk6J6x7eNq',NULL,NULL,NULL,'Carolyn','Crespo',0,NULL,NULL),(228,'user220','user220@gmail.com','2020-04-25 03:45:27','$2y$10$jr.yUUYIjzKPzU.TL87GxuM0kN0Pn.sXKRhj/zLH8FOBp89DN//uq',NULL,NULL,NULL,'William','Long',0,NULL,NULL),(229,'user221','user221@gmail.com','2020-04-25 03:45:27','$2y$10$faQFl25bFhmMUXqYvGCXBuuaIhJ1lieA0l3zJYQ7m/MqTIG8pHlVG',NULL,NULL,NULL,'Ivan','Weatherwax',0,NULL,NULL),(230,'user222','user222@gmail.com','2020-04-25 03:45:27','$2y$10$GB7Fu/pDQdaiPsPFmdW.0e1aCIYZdlGun9xEBCGvLHEWWK2T3ujbS',NULL,NULL,NULL,'Roslyn','Murphy',0,NULL,NULL),(231,'user223','user223@gmail.com','2020-04-25 03:45:27','$2y$10$tZBggMedkVLfepny21myCuz4utuqBLa80eMb449Ib7W/INqgc8XKK',NULL,NULL,NULL,'Amy','Parker',0,NULL,NULL),(232,'user224','user224@gmail.com','2020-04-25 03:45:27','$2y$10$e3Pl/nejrCtj2oRH2jBqNuqo9HC7EDy0p6UzlqVosZDsADqpqCnDO',NULL,NULL,NULL,'John','Tarlton',0,NULL,NULL),(233,'user225','user225@gmail.com','2020-04-25 03:45:27','$2y$10$2npeprApHclu6hnWgyJaF.GOC5ivARqSSdbVxTDjKVEJJAjhLbeNa',NULL,NULL,NULL,'Betty','Hutton',0,NULL,NULL),(234,'user226','user226@gmail.com','2020-04-25 03:45:27','$2y$10$k8QwJhceuJE491CvcAy1qertWTbORJuI3OdZD5Gt94TSapkRFswyu',NULL,NULL,NULL,'Richard','Dardar',0,NULL,NULL),(235,'user227','user227@gmail.com','2020-04-25 03:45:27','$2y$10$Pa.YABAEWKxRlaQRWQCHDufPZpA.5QbR44qEqKP/vi9.8EtlrUerK',NULL,NULL,NULL,'Jennie','Collier',0,NULL,NULL),(236,'user228','user228@gmail.com','2020-04-25 03:45:27','$2y$10$uWeOOChEgQfmr1BKFHqpQOuJbG2x6QnFk52IgbDJIPfOFHkKaJU22',NULL,NULL,NULL,'James','Higgins',0,NULL,NULL),(237,'user229','user229@gmail.com','2020-04-25 03:45:27','$2y$10$uWO.mX2CUbTkUjD7Jcz.ceNNpjshgPcuvZsDgrAx47el.XTOMaizK',NULL,NULL,NULL,'Mario','Bradford',0,NULL,NULL),(238,'user230','user230@gmail.com','2020-04-25 03:45:27','$2y$10$VKFKGLH40MVw3IFY6pdTZeIFPb7g12RFpVqr3iqcHpbFmBUfN0lvO',NULL,NULL,NULL,'Patricia','Carrillo',0,NULL,NULL),(239,'user231','user231@gmail.com','2020-04-25 03:45:27','$2y$10$ovN927LXxi/HU0FS2hxuSeXHyLqPkcueqTTSQtgjpd9w2IcVEXdsm',NULL,NULL,NULL,'Terri','Strahan',0,NULL,NULL),(240,'user232','user232@gmail.com','2020-04-25 03:45:27','$2y$10$sA2eG4ZaX2f3xH1m8KQq5ekOwmqwUMJXJ/q3NlvKLrppU7py.glG.',NULL,NULL,NULL,'Timothy','Mcghee',0,NULL,NULL),(241,'user233','user233@gmail.com','2020-04-25 03:45:27','$2y$10$3XhANHbCjER2mQdk9db63.ozFpXd4LjJ33UBwJH.jgDTsSONK70vW',NULL,NULL,NULL,'Donald','Ohare',0,NULL,NULL),(242,'user234','user234@gmail.com','2020-04-25 03:45:27','$2y$10$LRNl3DGGxhcWNs2iEQ.nFOfLrPNN5kYGo/HJm73JeSj0fm7UtvUtC',NULL,NULL,NULL,'Deborah','Martinez',0,NULL,NULL),(243,'user235','user235@gmail.com','2020-04-25 03:45:27','$2y$10$AgVAuEMcHWI/jKpeaUJCkeEF5qdrBRAbVxntlnUjKg0MCRHUmwwBG',NULL,NULL,NULL,'William','Watts',0,NULL,NULL),(244,'user236','user236@gmail.com','2020-04-25 03:45:27','$2y$10$JtLdspHSTH.iX2R6ZXYRJ.99aYrgBzIhur5/XcE2znNJWdaCcE4HO',NULL,NULL,NULL,'James','Clark',0,NULL,NULL),(245,'Duy Vu','tedwan1234@gmail.com','2020-04-25 03:57:10','$2y$10$QMsZOJgFMLXSEoJHWVA/xeoqh61rzOIH/wyKHb3eO09y4kyj60NLS',NULL,'2020-04-25 03:55:38','2020-04-25 03:57:10',NULL,NULL,0,NULL,NULL);
/*!40000 ALTER TABLE `users` ENABLE KEYS */;
UNLOCK TABLES;
/*!40103 SET TIME_ZONE=@OLD_TIME_ZONE */;

/*!40101 SET SQL_MODE=@OLD_SQL_MODE */;
/*!40014 SET FOREIGN_KEY_CHECKS=@OLD_FOREIGN_KEY_CHECKS */;
/*!40014 SET UNIQUE_CHECKS=@OLD_UNIQUE_CHECKS */;
/*!40101 SET CHARACTER_SET_CLIENT=@OLD_CHARACTER_SET_CLIENT */;
/*!40101 SET CHARACTER_SET_RESULTS=@OLD_CHARACTER_SET_RESULTS */;
/*!40101 SET COLLATION_CONNECTION=@OLD_COLLATION_CONNECTION */;
/*!40111 SET SQL_NOTES=@OLD_SQL_NOTES */;

-- Dump completed on 2020-04-25 12:58:51
